CREATE DATABASE  IF NOT EXISTS `elsa` /*!40100 DEFAULT CHARACTER SET utf8 */;
USE `elsa`;
-- MySQL dump 10.13  Distrib 5.6.17, for Win32 (x86)
--
-- Host: localhost    Database: elsa
-- ------------------------------------------------------
-- Server version	5.6.22-log

/*!40101 SET @OLD_CHARACTER_SET_CLIENT=@@CHARACTER_SET_CLIENT */;
/*!40101 SET @OLD_CHARACTER_SET_RESULTS=@@CHARACTER_SET_RESULTS */;
/*!40101 SET @OLD_COLLATION_CONNECTION=@@COLLATION_CONNECTION */;
/*!40101 SET NAMES utf8 */;
/*!40103 SET @OLD_TIME_ZONE=@@TIME_ZONE */;
/*!40103 SET TIME_ZONE='+00:00' */;
/*!40014 SET @OLD_UNIQUE_CHECKS=@@UNIQUE_CHECKS, UNIQUE_CHECKS=0 */;
/*!40014 SET @OLD_FOREIGN_KEY_CHECKS=@@FOREIGN_KEY_CHECKS, FOREIGN_KEY_CHECKS=0 */;
/*!40101 SET @OLD_SQL_MODE=@@SQL_MODE, SQL_MODE='NO_AUTO_VALUE_ON_ZERO' */;
/*!40111 SET @OLD_SQL_NOTES=@@SQL_NOTES, SQL_NOTES=0 */;

--
-- Table structure for table `cf_app_file_name`
--

DROP TABLE IF EXISTS `cf_app_file_name`;
/*!40101 SET @saved_cs_client     = @@character_set_client */;
/*!40101 SET character_set_client = utf8 */;
CREATE TABLE `cf_app_file_name` (
  `id` int(11) NOT NULL AUTO_INCREMENT COMMENT 'ID',
  `app_id` int(11) DEFAULT NULL COMMENT '应用ID',
  `prop_file_name` varchar(45) DEFAULT NULL COMMENT '配置文件名',
  `is_delete` tinyint(4) DEFAULT NULL COMMENT '是否删除',
  `create_time` datetime DEFAULT NULL COMMENT '创建时间',
  `modify_time` datetime DEFAULT NULL COMMENT '修改时间',
  PRIMARY KEY (`id`),
  UNIQUE KEY `id_UNIQUE` (`id`),
  KEY `app_id_and_is_delete` (`app_id`,`is_delete`)
) ENGINE=InnoDB AUTO_INCREMENT=18 DEFAULT CHARSET=utf8 COMMENT='app应用里配置文件的名称';
/*!40101 SET character_set_client = @saved_cs_client */;

--
-- Dumping data for table `cf_app_file_name`
--

LOCK TABLES `cf_app_file_name` WRITE;
/*!40000 ALTER TABLE `cf_app_file_name` DISABLE KEYS */;
INSERT INTO `cf_app_file_name` VALUES (6,7,'config.properties',0,'2015-01-29 15:35:59','2015-01-30 13:27:05'),(7,7,'log4j.properties',0,'2015-01-29 15:36:28','2015-01-29 15:46:15'),(8,7,'common.properties',0,'2015-01-29 15:57:52','2015-01-29 16:16:39'),(9,7,'zk.properties',0,'2015-01-29 17:11:25','2015-01-29 19:50:43'),(10,8,'config.properties',0,'2015-02-03 13:35:14','2015-02-03 13:35:59'),(11,7,'config/c.properties',0,'2015-02-08 19:05:40','2015-02-08 19:05:40'),(12,11,'config.properties',0,'2015-02-08 20:37:23','2015-02-08 20:37:23'),(13,7,'aa.properties',0,'2015-02-09 19:43:53','2016-02-02 16:46:23'),(14,13,'config/config.properties',0,'2015-02-25 17:30:20','2015-02-25 17:30:39'),(15,13,'log4j.properties',0,'2015-02-25 17:30:51','2015-02-25 17:31:16'),(16,13,'abc.properties',0,'2015-02-25 17:32:40','2015-02-25 17:33:14'),(17,14,'aaaa.properties',1,'2016-03-08 15:10:19','2016-03-08 15:31:20');
/*!40000 ALTER TABLE `cf_app_file_name` ENABLE KEYS */;
UNLOCK TABLES;

--
-- Table structure for table `cf_app_name`
--

DROP TABLE IF EXISTS `cf_app_name`;
/*!40101 SET @saved_cs_client     = @@character_set_client */;
/*!40101 SET character_set_client = utf8 */;
CREATE TABLE `cf_app_name` (
  `id` bigint(20) NOT NULL AUTO_INCREMENT,
  `app_name` varchar(60) DEFAULT NULL COMMENT '应用名',
  `is_delete` tinyint(4) DEFAULT NULL COMMENT '是否删除',
  `create_time` datetime DEFAULT NULL COMMENT '创建时间',
  `modify_time` datetime DEFAULT NULL,
  PRIMARY KEY (`id`),
  UNIQUE KEY `id_UNIQUE` (`id`),
  KEY `app_name_and_is_delete_index` (`app_name`,`is_delete`)
) ENGINE=InnoDB AUTO_INCREMENT=15 DEFAULT CHARSET=utf8;
/*!40101 SET character_set_client = @saved_cs_client */;

--
-- Dumping data for table `cf_app_name`
--

LOCK TABLES `cf_app_name` WRITE;
/*!40000 ALTER TABLE `cf_app_name` DISABLE KEYS */;
INSERT INTO `cf_app_name` VALUES (7,'order-web',0,'2015-01-29 11:45:13','2016-02-02 12:44:55'),(8,'order-service-web',0,'2015-01-29 11:51:55','2015-01-29 20:02:21'),(9,'item-service-web',0,'2015-01-29 13:34:16','2015-01-29 20:02:19'),(10,'item-web',0,'2015-01-29 14:12:56','2015-01-29 20:02:17'),(11,'order',0,'2015-02-08 20:37:11','2016-02-02 16:46:09'),(12,'aaabb',0,'2015-02-09 15:08:53','2015-02-09 19:44:56'),(13,'backend-service',0,'2015-02-25 17:29:17','2015-02-25 17:29:28'),(14,'aaaa',1,'2016-03-08 15:10:04','2016-03-08 15:32:59');
/*!40000 ALTER TABLE `cf_app_name` ENABLE KEYS */;
UNLOCK TABLES;

--
-- Table structure for table `cf_oprater_log`
--

DROP TABLE IF EXISTS `cf_oprater_log`;
/*!40101 SET @saved_cs_client     = @@character_set_client */;
/*!40101 SET character_set_client = utf8 */;
CREATE TABLE `cf_oprater_log` (
  `id` int(11) NOT NULL AUTO_INCREMENT,
  `prop_conf_id` int(11) DEFAULT NULL,
  `type` varchar(45) DEFAULT NULL COMMENT '0：申请1：审核 2：拆消  3：恢复 ',
  `app_id` int(11) DEFAULT NULL COMMENT '应用ID',
  `before_content` longtext COMMENT '操作前内容',
  `operator` varchar(50) DEFAULT NULL COMMENT '操作人',
  `environment` varchar(60) DEFAULT NULL COMMENT '系统 运行 环境：test staging produce',
  `create_time` datetime DEFAULT NULL COMMENT '操作时间',
  `after_content` longtext COMMENT '操作后内容',
  `app_file_id` int(11) DEFAULT NULL,
  PRIMARY KEY (`id`),
  UNIQUE KEY `id_UNIQUE` (`id`),
  KEY `prop_conf_id_and_type_index` (`prop_conf_id`,`type`)
) ENGINE=InnoDB AUTO_INCREMENT=101 DEFAULT CHARSET=utf8 COMMENT='操作日志';
/*!40101 SET character_set_client = @saved_cs_client */;

--
-- Dumping data for table `cf_oprater_log`
--

LOCK TABLES `cf_oprater_log` WRITE;
/*!40000 ALTER TABLE `cf_oprater_log` DISABLE KEYS */;
INSERT INTO `cf_oprater_log` VALUES (1,NULL,NULL,NULL,'PropConfDO [id=10, appFileId=6, appId=7, actualUse=null, content=aaaa		\r\nddddd\r\ndd\r\naaa	\r\naa\r\n					\r\n					\r\n					\r\n					, status=0, environment=staging, userId=1, createTime=Mon Feb 02 19:33:59 CST 2015, modifyTime=Tue Feb 03 13:45:56 CST 2015, itemModifyTime=null]',NULL,NULL,NULL,'PropConfDO [id=10, appFileId=6, appId=7, actualUse=null, content=aaaa		\r\nddddd\r\ndd\r\naaa	\r\naa\r\nvvvv\r\n					\r\n					\r\n					\r\n					\r\n					, status=1, environment=staging, userId=1, createTime=Mon Feb 02 19:33:59 CST 2015, modifyTime=Tue Feb 03 13:45:56 CST 2015, itemModifyTime=null]',NULL),(2,NULL,NULL,NULL,'PropConfDO [id=11, appFileId=6, appId=7, actualUse=null, content=adddd			\r\naaa\r\nbbbb		\r\nbbbb				\r\naa\r\nbbb			\r\n					\r\n					\r\n					\r\n					\r\n					\r\n					\r\n					\r\n					\r\n					\r\n					\r\n					, status=0, environment=produce, userId=1, createTime=Mon Feb 02 19:33:59 CST 2015, modifyTime=Tue Feb 03 17:05:32 CST 2015, itemModifyTime=null]',NULL,NULL,NULL,'PropConfDO [id=11, appFileId=6, appId=7, actualUse=null, content=adddd			\r\naaa\r\nbbbb		\r\nbbbb				\r\naa\r\nbbb			\r\n					\r\n					\r\n					\r\n					\r\n					\r\n					\r\n					\r\n					\r\n					\r\n					\r\n					\r\n					, status=1, environment=produce, userId=1, createTime=Wed Feb 04 15:02:49 CST 2015, modifyTime=Tue Feb 03 17:05:32 CST 2015, itemModifyTime=null]',NULL),(3,NULL,NULL,NULL,'PropConfDO [id=10, appFileId=6, appId=7, actualUse=null, content=aaaa		\r\nddddd\r\ndd\r\naaa	\r\naa\r\nvvvv\r\n					\r\n					\r\n					\r\n					\r\n					, status=1, environment=staging, userId=1, createTime=Mon Feb 02 19:33:59 CST 2015, modifyTime=Tue Feb 03 13:45:56 CST 2015, itemModifyTime=null]',NULL,NULL,NULL,'PropConfDO [id=10, appFileId=6, appId=7, actualUse=null, content=aaaa		\r\nddddd\r\ndd\r\naaa	\r\naa\r\nvvvv\r\n					\r\n					\r\n					\r\n					\r\n					\rmq.hosts=172.16.100.43:5672,172.16.100.44:5672\r\nmq.username=elsa\r\nmq.password=123456\r\nmq.productConnectionCount=4\r\nmq.productThreadCount=10\r\nmq.consumerConnectionCount=2\r\nmq.consumerThreadCount=4		, status=1, environment=staging, userId=1, createTime=Wed Feb 04 19:28:00 CST 2015, modifyTime=Tue Feb 03 13:45:56 CST 2015, itemModifyTime=null]',NULL),(4,NULL,NULL,NULL,'PropConfDO [id=11, appFileId=6, appId=7, actualUse=null, content=adddd			\r\naaa\r\nbbbb		\r\nbbbb				\r\naa\r\nbbb			\r\n					\r\n					\r\n					\r\n					\r\n					\r\n					\r\n					\r\n					\r\n					\r\n					\r\n					\r\n					, status=1, environment=produce, userId=1, createTime=Mon Feb 02 19:33:59 CST 2015, modifyTime=Tue Feb 03 17:05:32 CST 2015, itemModifyTime=null]',NULL,NULL,NULL,'PropConfDO [id=11, appFileId=6, appId=7, actualUse=null, content=adddd			\r\naaa\r\nbbbb		\r\nbbbb				\r\naa\r\nbbb			\r\n					\r\n					\r\n					\r\n					\r\n					\r\n					\r\n					\r\n					\r\n					\r\n					\r\n					\r\n					\rmq.hosts=172.16.100.43:5672,172.16.100.44:5672\r\nmq.username=elsa\r\nmq.password=123456\r\nmq.productConnectionCount=4\r\nmq.productThreadCount=10\r\nmq.consumerConnectionCount=2\r\nmq.consumerThreadCount=4		\r\n					\r\n					\r\n					\r\n					\r\n					\r\n					\r\n					\r\n					\r\n					\r\n					\r\n					\r\n					\r\n					, status=1, environment=produce, userId=1, createTime=Wed Feb 04 19:30:06 CST 2015, modifyTime=Tue Feb 03 17:05:32 CST 2015, itemModifyTime=null]',NULL),(5,NULL,NULL,NULL,'PropConfDO [id=11, appFileId=6, appId=7, actualUse=null, content=adddd			\r\naaa\r\nbbbb		\r\nbbbb				\r\naa\r\nbbb			\r\n					\r\n					\r\n					\r\n					\r\n					\r\n					\r\n					\r\n					\r\n					\r\n					\r\n					\r\n					\rmq.hosts=172.16.100.43:5672,172.16.100.44:5672\r\nmq.username=elsa\r\nmq.password=123456\r\nmq.productConnectionCount=4\r\nmq.productThreadCount=10\r\nmq.consumerConnectionCount=2\r\nmq.consumerThreadCount=4		\r\n					\r\n					\r\n					\r\n					\r\n					\r\n					\r\n					\r\n					\r\n					\r\n					\r\n					\r\n					\r\n					, status=1, environment=produce, userId=1, createTime=Mon Feb 02 19:33:59 CST 2015, modifyTime=Tue Feb 03 17:05:32 CST 2015, itemModifyTime=null]',NULL,NULL,NULL,'PropConfDO [id=11, appFileId=6, appId=7, actualUse=null, content=adddd			\r\naaa\r\nbbbb		\r\nbbbb				\r\naa\r\nbbb			\r\n					\r\n					\r\n					\r\n					\r\n					\r\n					\r\n					\r\n					\r\n					\r\n					\r\n					\r\n					\rmq.hosts=172.16.100.43:5672,172.16.100.44:5672\r\nmq.username=elsa\r\nmq.password=123456\r\nmq.productConnectionCount=4\r\nmq.productThreadCount=10\r\nmq.consumerConnectionCount=2\r\nmq.consumerThreadCount=4\r\nadddd			\r\naaa\r\nbbbb		\r\nbbbb				\r\naa\r\nbbb				\r\nmq.hosts=172.16.100.43:5672,172.16.100.44:5672\r\nmq.username=elsa\r\nmq.password=123456\r\nmq.productConnectionCount=4\r\nmq.productThreadCount=10\r\nmq.consumerConnectionCount=2\r\nmq.consumerThreadCount=4		\r\n					\r\n					\r\n					\r\n					\r\n					\r\n					\r\n					\r\n					\r\n					\r\n					\r\n					\r\n					\r\n					\r\n					, status=1, environment=produce, userId=1, createTime=Wed Feb 04 19:32:29 CST 2015, modifyTime=Tue Feb 03 17:05:32 CST 2015, itemModifyTime=null]',NULL),(6,NULL,NULL,NULL,'PropConfDO [id=11, appFileId=6, appId=7, actualUse=null, content=adddd			\r\naaa\r\nbbbb		\r\nbbbb				\r\naa\r\nbbb			\r\n					\r\n					\r\n					\r\n					\r\n					\r\n					\r\n					\r\n					\r\n					\r\n					\r\n					\r\n					\rmq.hosts=172.16.100.43:5672,172.16.100.44:5672\r\nmq.username=elsa\r\nmq.password=123456\r\nmq.productConnectionCount=4\r\nmq.productThreadCount=10\r\nmq.consumerConnectionCount=2\r\nmq.consumerThreadCount=4\r\nadddd			\r\naaa\r\nbbbb		\r\nbbbb				\r\naa\r\nbbb				\r\nmq.hosts=172.16.100.43:5672,172.16.100.44:5672\r\nmq.username=elsa\r\nmq.password=123456\r\nmq.productConnectionCount=4\r\nmq.productThreadCount=10\r\nmq.consumerConnectionCount=2\r\nmq.consumerThreadCount=4		\r\n					\r\n					\r\n					\r\n					\r\n					\r\n					\r\n					\r\n					\r\n					\r\n					\r\n					\r\n					\r\n					\r\n					, status=1, environment=produce, userId=1, createTime=Mon Feb 02 19:33:59 CST 2015, modifyTime=Tue Feb 03 17:05:32 CST 2015, itemModifyTime=null]',NULL,NULL,NULL,'PropConfDO [id=11, appFileId=6, appId=7, actualUse=null, content=mq.hosts=172.16.100.43:5672,172.16.100.44:5672\r\nmq.username=elsa\r\nmq.password=123456\r\nmq.productConnectionCount=4\r\nmq.productThreadCount=10\r\nmq.consumerConnectionCount=2\r\nmq.consumerThreadCount=4\r\nadddd			\r\naaa\r\nbbbb		\r\nbbbb				\r\naa\r\nbbb				\r\nmq.hosts=172.16.100.43:5672,172.16.100.44:5672\r\nmq.username=elsa\r\nmq.password=123456\r\nmq.productConnectionCount=4\r\nmq.productThreadCount=10\r\nmq.consumerConnectionCount=2\r\nmq.consumerThreadCount=4		\r\n					\r\n					\r\n					\r\n					\r\n					\r\n					\r\n					\r\n					\r\n					\r\n					\r\n					\r\n					\r\n					\r\n					\r\n					, status=1, environment=produce, userId=1, createTime=Wed Feb 04 19:41:34 CST 2015, modifyTime=Tue Feb 03 17:05:32 CST 2015, itemModifyTime=null]',NULL),(7,NULL,NULL,NULL,'PropConfDO [id=11, appFileId=6, appId=7, actualUse=null, content=mq.hosts=172.16.100.43:5672,172.16.100.44:5672\r\nmq.username=elsa\r\nmq.password=123456\r\nmq.productConnectionCount=4\r\nmq.productThreadCount=10\r\nmq.consumerConnectionCount=2\r\nmq.consumerThreadCount=4\r\nadddd			\r\naaa\r\nbbbb		\r\nbbbb				\r\naa\r\nbbb				\r\nmq.hosts=172.16.100.43:5672,172.16.100.44:5672\r\nmq.username=elsa\r\nmq.password=123456\r\nmq.productConnectionCount=4\r\nmq.productThreadCount=10\r\nmq.consumerConnectionCount=2\r\nmq.consumerThreadCount=4		\r\n					\r\n					\r\n					\r\n					\r\n					\r\n					\r\n					\r\n					\r\n					\r\n					\r\n					\r\n					\r\n					\r\n					\r\n					, status=1, environment=produce, userId=1, createTime=Mon Feb 02 19:33:59 CST 2015, modifyTime=Tue Feb 03 17:05:32 CST 2015, itemModifyTime=null]',NULL,NULL,NULL,'PropConfDO [id=11, appFileId=6, appId=7, actualUse=null, content=mq.hosts=172.16.100.43:5672,172.16.100.44:5672\r\nmq.username=elsa\r\nmq.password=123456\r\nmq.productConnectionCount=4\r\nmq.productThreadCount=10\r\nmq.consumerConnectionCount=2\r\nmq.consumerThreadCount=4		\r\n					\r\n					\r\n					\r\n					\r\n					\r\n					\r\n					\r\n					\r\n					\r\n					\r\n					\r\n					\r\n					\r\n					\r\n					\r\n					, status=1, environment=produce, userId=1, createTime=Wed Feb 04 19:42:19 CST 2015, modifyTime=Tue Feb 03 17:05:32 CST 2015, itemModifyTime=null]',NULL),(8,NULL,NULL,NULL,'PropConfDO [id=11, appFileId=6, appId=7, actualUse=null, content=mq.hosts=172.16.100.43:5672,172.16.100.44:5672\r\nmq.username=elsa\r\nmq.password=123456\r\nmq.productConnectionCount=4\r\nmq.productThreadCount=10\r\nmq.consumerConnectionCount=2\r\nmq.consumerThreadCount=4		\r\n					\r\n					\r\n					\r\n					\r\n					\r\n					\r\n					\r\n					\r\n					\r\n					\r\n					\r\n					\r\n					\r\n					\r\n					\r\n					, status=1, environment=produce, userId=1, createTime=Mon Feb 02 19:33:59 CST 2015, modifyTime=Tue Feb 03 17:05:32 CST 2015, itemModifyTime=null]',NULL,NULL,NULL,'PropConfDO [id=11, appFileId=6, appId=7, actualUse=null, content=mq.hosts=172.16.100.43:5672,172.16.100.44:5672\r\nmq.username=elsa\r\nmq.password=123456\r\nmq.productConnectionCount=4\r\nmq.productThreadCount=10\r\nmq.consumerConnectionCount=2\r\nmq.consumerThreadCount=4				, status=1, environment=produce, userId=1, createTime=Wed Feb 04 19:42:32 CST 2015, modifyTime=Tue Feb 03 17:05:32 CST 2015, itemModifyTime=null]',NULL),(9,NULL,NULL,NULL,'PropConfDO [id=10, appFileId=6, appId=7, actualUse=null, content=aaaa		\r\nddddd\r\ndd\r\naaa	\r\naa\r\nvvvv\r\n					\r\n					\r\n					\r\n					\r\n					\rmq.hosts=172.16.100.43:5672,172.16.100.44:5672\r\nmq.username=elsa\r\nmq.password=123456\r\nmq.productConnectionCount=4\r\nmq.productThreadCount=10\r\nmq.consumerConnectionCount=2\r\nmq.consumerThreadCount=4		, status=1, environment=staging, userId=1, createTime=Mon Feb 02 19:33:59 CST 2015, modifyTime=Tue Feb 03 13:45:56 CST 2015, itemModifyTime=null]',NULL,NULL,NULL,'PropConfDO [id=10, appFileId=6, appId=7, actualUse=null, content=mq.hosts=172.16.100.43:5672,172.16.100.44:5672\r\nmq.username=elsa\r\nmq.password=123456\r\nmq.productConnectionCount=4\r\nmq.productThreadCount=10\r\nmq.consumerConnectionCount=2\r\nmq.consumerThreadCount=4		\r\n					, status=1, environment=staging, userId=1, createTime=Wed Feb 04 20:46:03 CST 2015, modifyTime=Tue Feb 03 13:45:56 CST 2015, itemModifyTime=null]',NULL),(10,NULL,NULL,NULL,'PropConfDO [id=11, appFileId=6, appId=7, actualUse=null, content=mq.hosts=172.16.100.43:5672,172.16.100.44:5672\r\nmq.username=elsa\r\nmq.password=123456\r\nmq.productConnectionCount=4\r\nmq.productThreadCount=10\r\nmq.consumerConnectionCount=2\r\nmq.consumerThreadCount=4				, status=1, environment=produce, userId=1, createTime=Mon Feb 02 19:33:59 CST 2015, modifyTime=Tue Feb 03 17:05:32 CST 2015, itemModifyTime=null]',NULL,NULL,NULL,'PropConfDO [id=11, appFileId=6, appId=7, actualUse=null, content=#################### dfs config ###############################\r\nupload.test.tmp.path=e:/\r\n\r\ndfs.tracker.server1.host=172.16.1.155:22122\r\ndfs.tracker.server2.host=172.16.1.156:22122\r\ndfs.group1.name=group1\r\ndfs.group2.name=group2\r\n\r\ndfs.group1.host=img01.elsa.local\r\ndfs.group2.host=img02.elsa.local\r\n\r\ndfs.upload.tmp.path=E://upload\r\n####################dfs config end#############################\r\n\r\n\r\n################### mq config #################################\r\nmq.hosts=172.16.100.43:5672,172.16.100.44:5672\r\nmq.username=elsa\r\nmq.password=123456\r\nmq.productConnectionCount=4\r\nmq.productThreadCount=10\r\nmq.consumerConnectionCount=2\r\nmq.consumerThreadCount=4\r\n################### mq config end ##############################\r\n\r\n################### redis cache config #########################\r\n#### 81 82 port is cache,79 80 port is db ######################\r\nredis.cache1.host=172.16.1.65\r\nredis.cache1.port=6381\r\nredis.cache1.timeout=2000\r\nredis.cache1.weight=1\r\n\r\nredis.cache2.host=172.16.1.65\r\nredis.cache2.port=6382\r\nredis.cache2.timeout=2000\r\nredis.cache2.weight=1\r\n################### redis cache config end########################\r\n\r\n################### redis db config ##############################\r\nredis.db1.host=172.16.1.65\r\nredis.db1.port=6379\r\nredis.db1.timeout=2000\r\nredis.db1.password=redis\r\n\r\nredis.db2.host=172.16.1.65\r\nredis.db2.port=6380\r\nredis.db2.timeout=2000\r\nredis.db2.password=redis\r\n################### redis db config end ############################\r\n, status=1, environment=produce, userId=1, createTime=Thu Feb 05 19:13:17 CST 2015, modifyTime=Tue Feb 03 17:05:32 CST 2015, itemModifyTime=null]',NULL),(11,NULL,NULL,NULL,'PropConfDO [id=11, appFileId=6, appId=7, actualUse=null, content=#################### dfs config ###############################\r\nupload.test.tmp.path=e:/\r\n\r\ndfs.tracker.server1.host=172.16.1.155:22122\r\ndfs.tracker.server2.host=172.16.1.156:22122\r\ndfs.group1.name=group1\r\ndfs.group2.name=group2\r\n\r\ndfs.group1.host=img01.elsa.local\r\ndfs.group2.host=img02.elsa.local\r\n\r\ndfs.upload.tmp.path=E://upload\r\n####################dfs config end#############################\r\n\r\n\r\n################### mq config #################################\r\nmq.hosts=172.16.100.43:5672,172.16.100.44:5672\r\nmq.username=elsa\r\nmq.password=123456\r\nmq.productConnectionCount=4\r\nmq.productThreadCount=10\r\nmq.consumerConnectionCount=2\r\nmq.consumerThreadCount=4\r\n################### mq config end ##############################\r\n\r\n################### redis cache config #########################\r\n#### 81 82 port is cache,79 80 port is db ######################\r\nredis.cache1.host=172.16.1.65\r\nredis.cache1.port=6381\r\nredis.cache1.timeout=2000\r\nredis.cache1.weight=1\r\n\r\nredis.cache2.host=172.16.1.65\r\nredis.cache2.port=6382\r\nredis.cache2.timeout=2000\r\nredis.cache2.weight=1\r\n################### redis cache config end########################\r\n\r\n################### redis db config ##############################\r\nredis.db1.host=172.16.1.65\r\nredis.db1.port=6379\r\nredis.db1.timeout=2000\r\nredis.db1.password=redis\r\n\r\nredis.db2.host=172.16.1.65\r\nredis.db2.port=6380\r\nredis.db2.timeout=2000\r\nredis.db2.password=redis\r\n################### redis db config end ############################\r\n, status=1, environment=produce, userId=1, createTime=Mon Feb 02 19:33:59 CST 2015, modifyTime=Tue Feb 03 17:05:32 CST 2015, itemModifyTime=null]',NULL,NULL,NULL,'PropConfDO [id=11, appFileId=6, appId=7, actualUse=null, content=#################### dfs config ###############################\r\nupload.test.tmp.path=e:/\r\n\r\ndfs.tracker.server1.host=172.16.1.155:22122\r\ndfs.tracker.server2.host=172.16.1.156:22122\r\ndfs.group1.name=group1\r\ndfs.group2.name=group2\r\n\r\ndfs.group1.host=img01.elsa.local\r\ndfs.group2.host=img02.elsa.local\r\n\r\ndfs.upload.tmp.path=E://upload\r\n####################dfs config end#############################\r\n\r\n\r\n################### mq config #################################\r\nmq.hosts=172.16.100.43:5672,172.16.100.44:5672\r\nmq.username=elsa\r\nmq.password=123456\r\nmq.productConnectionCount=4\r\nmq.productThreadCount=10\r\nmq.consumerConnectionCount=2\r\nmq.consumerThreadCount=4\r\n################### mq config end ##############################\r\n\r\n################### redis cache config #########################\r\n#### 81 82 port is cache,79 80 port is db ######################\r\nredis.cache1.host=172.16.1.65\r\nredis.cache1.port=6381\r\nredis.cache1.timeout=2000\r\nredis.cache1.weight=1\r\n\r\nredis.cache2.host=172.16.1.65\r\nredis.cache2.port=6382\r\nredis.cache2.timeout=2000\r\nredis.cache2.weight=1\r\n################### redis cache config end########################\r\n\r\n################### redis db config ##############################\r\nredis.db1.host=172.16.1.65\r\nredis.db1.port=6379\r\nredis.db1.timeout=2000\r\nredis.db1.password=redis\r\n\r\nredis.db2.host=172.16.1.65\r\nredis.db2.port=6380\r\nredis.db2.timeout=2000\r\nredis.db2.password=redis\r\n###ddddd\r\n################### redis db config end ############################\r\n\r\n					, status=1, environment=produce, userId=1, createTime=Sun Feb 08 17:11:09 CST 2015, modifyTime=Tue Feb 03 17:05:32 CST 2015, itemModifyTime=null]',NULL),(12,NULL,NULL,NULL,'PropConfDO [id=17, appFileId=11, appId=7, actualUse=null, content=aaaa	\r\naaa					, status=0, environment=produce, userId=2, createTime=Sun Feb 08 19:06:05 CST 2015, modifyTime=Sun Feb 08 19:06:14 CST 2015, itemModifyTime=null]',NULL,NULL,NULL,'PropConfDO [id=17, appFileId=11, appId=7, actualUse=null, content=aaaa	\r\naaa					\r\n					, status=1, environment=produce, userId=2, createTime=Sun Feb 08 19:07:34 CST 2015, modifyTime=Sun Feb 08 19:06:14 CST 2015, itemModifyTime=null]',NULL),(13,NULL,NULL,NULL,'PropConfDO [id=16, appFileId=11, appId=7, actualUse=null, content=aaaaa			\r\ndddd					, status=0, environment=staging, userId=2, createTime=Sun Feb 08 19:06:05 CST 2015, modifyTime=Sun Feb 08 19:06:14 CST 2015, itemModifyTime=null]',NULL,NULL,NULL,'PropConfDO [id=16, appFileId=11, appId=7, actualUse=null, content=aaaaa			\r\ndddd					\r\n					, status=1, environment=staging, userId=2, createTime=Sun Feb 08 19:07:40 CST 2015, modifyTime=Sun Feb 08 19:06:14 CST 2015, itemModifyTime=null]',NULL),(14,NULL,NULL,NULL,'PropConfDO [id=11, appFileId=6, appId=7, actualUse=null, content=#################### dfs config ###############################\r\nupload.test.tmp.path=e:/\r\n\r\ndfs.tracker.server1.host=172.16.1.155:22122\r\ndfs.tracker.server2.host=172.16.1.156:22122\r\ndfs.group1.name=group1\r\ndfs.group2.name=group2\r\n\r\ndfs.group1.host=img01.elsa.local\r\ndfs.group2.host=img02.elsa.local\r\n\r\ndfs.upload.tmp.path=E://upload\r\n####################dfs config end#############################\r\n\r\n\r\n################### mq config #################################\r\nmq.hosts=172.16.100.43:5672,172.16.100.44:5672\r\nmq.username=elsa\r\nmq.password=123456\r\nmq.productConnectionCount=4\r\nmq.productThreadCount=10\r\nmq.consumerConnectionCount=2\r\nmq.consumerThreadCount=4\r\n################### mq config end ##############################\r\n\r\n################### redis cache config #########################\r\n#### 81 82 port is cache,79 80 port is db ######################\r\nredis.cache1.host=172.16.1.65\r\nredis.cache1.port=6381\r\nredis.cache1.timeout=2000\r\nredis.cache1.weight=1\r\n\r\nredis.cache2.host=172.16.1.65\r\nredis.cache2.port=6382\r\nredis.cache2.timeout=2000\r\nredis.cache2.weight=1\r\n################### redis cache config end########################\r\n\r\n################### redis db config ##############################\r\nredis.db1.host=172.16.1.65\r\nredis.db1.port=6379\r\nredis.db1.timeout=2000\r\nredis.db1.password=redis\r\n\r\nredis.db2.host=172.16.1.65\r\nredis.db2.port=6380\r\nredis.db2.timeout=2000\r\nredis.db2.password=redis\r\n###ddddd\r\n################### redis db config end ############################\r\n\r\n					, status=1, environment=produce, userId=1, createTime=Mon Feb 02 19:33:59 CST 2015, modifyTime=Tue Feb 03 17:05:32 CST 2015, itemModifyTime=null]',NULL,NULL,NULL,'PropConfDO [id=11, appFileId=6, appId=7, actualUse=null, content=#################### dfs config ###############################\r\nupload.test.tmp.path=e:/\r\n\r\ndfs.tracker.server1.host=172.16.1.155:22122\r\ndfs.tracker.server2.host=172.16.1.156:22122\r\ndfs.group1.name=group1\r\ndfs.group2.name=group2\r\n\r\ndfs.group1.host=img01.elsa.local\r\ndfs.group2.host=img02.elsa.local\r\n\r\ndfs.upload.tmp.path=E://upload\r\n####################dfs config end#############################\r\n\r\n\r\n################### mq config #################################\r\nmq.hosts=172.16.100.43:5672,172.16.100.44:5672\r\nmq.username=elsa\r\nmq.password=123456\r\nmq.productConnectionCount=4\r\nmq.productThreadCount=10\r\nmq.consumerConnectionCount=2\r\nmq.consumerThreadCount=4\r\n################### mq config end ##############################\r\n\r\n################### redis cache config #########################\r\n#### 81 82 port is cache,79 80 port is db ######################\r\nredis.cache1.host=172.16.1.65\r\nredis.cache1.port=6381\r\nredis.cache1.timeout=2000\r\nredis.cache1.weight=1\r\n\r\nredis.cache2.host=172.16.1.65\r\nredis.cache2.port=6382\r\nredis.cache2.timeout=2000\r\nredis.cache2.weight=1\r\n################### redis cache config end########################\r\n\r\n################### redis db config ##############################\r\nredis.db1.host=172.16.1.65\r\nredis.db1.port=6379\r\nredis.db1.timeout=2000\r\nredis.db1.password=redis\r\n\r\nredis.db2.host=172.16.1.65\r\nredis.db2.port=6380\r\nredis.db2.timeout=2000\r\nredis.db2.password=redis\r\n###ddddd\r\n################### redis db config end ############################\r\n\r\n					\r\n					, status=1, environment=produce, userId=1, createTime=Mon Feb 09 11:59:57 CST 2015, modifyTime=Tue Feb 03 17:05:32 CST 2015, itemModifyTime=null]',NULL),(15,NULL,NULL,NULL,'PropConfDO [id=10, appFileId=6, appId=7, actualUse=null, content=mq.hosts=172.16.100.43:5672,172.16.100.44:5672\r\nmq.username=elsa\r\nmq.password=123456\r\nmq.productConnectionCount=4\r\nmq.productThreadCount=10\r\nmq.consumerConnectionCount=2\r\nmq.consumerThreadCount=4		\r\n					, status=1, environment=staging, userId=1, createTime=Mon Feb 02 19:33:59 CST 2015, modifyTime=Tue Feb 03 13:45:56 CST 2015, itemModifyTime=null]',NULL,NULL,NULL,'PropConfDO [id=10, appFileId=6, appId=7, actualUse=null, content=mq.hosts=172.16.100.43:5672,172.16.100.44:5672\r\nmq.username=elsa\r\nmq.password=123456\r\nmq.productConnectionCount=4\r\nmq.productThreadCount=10\r\nmq.consumerConnectionCount=2\r\nmq.consumerThreadCount=4		\r\n					\r\n					, status=1, environment=staging, userId=1, createTime=Mon Feb 09 12:00:01 CST 2015, modifyTime=Tue Feb 03 13:45:56 CST 2015, itemModifyTime=null]',NULL),(16,NULL,NULL,NULL,'PropConfDO [id=10, appFileId=6, appId=7, actualUse=null, content=mq.hosts=172.16.100.43:5672,172.16.100.44:5672\r\nmq.username=elsa\r\nmq.password=123456\r\nmq.productConnectionCount=4\r\nmq.productThreadCount=10\r\nmq.consumerConnectionCount=2\r\nmq.consumerThreadCount=4		\r\n					\r\n					, status=1, environment=staging, userId=1, createTime=Mon Feb 02 19:33:59 CST 2015, modifyTime=Tue Feb 03 13:45:56 CST 2015, itemModifyTime=null]',NULL,NULL,NULL,'PropConfDO [id=10, appFileId=6, appId=7, actualUse=null, content=mq.hosts=172.16.100.43:5672,172.16.100.44:5672\r\nmq.username=elsa\r\nmq.password=123456\r\nmq.productConnectionCount=4\r\nmq.productThreadCount=10\r\nmq.consumerConnectionCount=2\r\nmq.consumerThreadCount=4		\r\n					\r\n					\r\n					, status=1, environment=staging, userId=1, createTime=Mon Feb 09 12:00:07 CST 2015, modifyTime=Tue Feb 03 13:45:56 CST 2015, itemModifyTime=null]',NULL),(17,NULL,NULL,NULL,'PropConfDO [id=10, appFileId=6, appId=7, actualUse=null, content=mq.hosts=172.16.100.43:5672,172.16.100.44:5672\r\nmq.username=elsa\r\nmq.password=123456\r\nmq.productConnectionCount=4\r\nmq.productThreadCount=10\r\nmq.consumerConnectionCount=2\r\nmq.consumerThreadCount=4		\r\n					\r\n					\r\n					, status=1, environment=staging, userId=1, createTime=Mon Feb 02 19:33:59 CST 2015, modifyTime=Tue Feb 03 13:45:56 CST 2015, itemModifyTime=null]',NULL,NULL,NULL,'PropConfDO [id=10, appFileId=6, appId=7, actualUse=null, content=mq.hosts=172.16.100.43:5672,172.16.100.44:5672\r\nmq.username=elsa\r\nmq.password=123456\r\nmq.productConnectionCount=4\r\nmq.productThreadCount=10\r\nmq.consumerConnectionCount=2\r\nmq.consumerThreadCount=4		\r\n					\r\n					\r\n					\r\n					, status=1, environment=staging, userId=1, createTime=Mon Feb 09 12:01:40 CST 2015, modifyTime=Tue Feb 03 13:45:56 CST 2015, itemModifyTime=null]',NULL),(18,NULL,NULL,NULL,'PropConfDO [id=10, appFileId=6, appId=7, actualUse=null, content=mq.hosts=172.16.100.43:5672,172.16.100.44:5672\r\nmq.username=elsa\r\nmq.password=123456\r\nmq.productConnectionCount=4\r\nmq.productThreadCount=10\r\nmq.consumerConnectionCount=2\r\nmq.consumerThreadCount=4		\r\n					\r\n					\r\n					\r\n					, status=1, environment=staging, userId=1, createTime=Mon Feb 02 19:33:59 CST 2015, modifyTime=Tue Feb 03 13:45:56 CST 2015, itemModifyTime=null]',NULL,NULL,NULL,'PropConfDO [id=10, appFileId=6, appId=7, actualUse=null, content=mq.hosts=172.16.100.43:5672,172.16.100.44:5672\r\nmq.username=elsa\r\nmq.password=123456\r\nmq.productConnectionCount=4\r\nmq.productThreadCount=10\r\nmq.consumerConnectionCount=2\r\nmq.consumerThreadCount=4		\r\n					\r\n					\r\n					\r\n					\r\n					, status=1, environment=staging, userId=1, createTime=Mon Feb 09 12:02:11 CST 2015, modifyTime=Tue Feb 03 13:45:56 CST 2015, itemModifyTime=null]',NULL),(19,NULL,NULL,NULL,'PropConfDO [id=10, appFileId=6, appId=7, actualUse=null, content=mq.hosts=172.16.100.43:5672,172.16.100.44:5672\r\nmq.username=elsa\r\nmq.password=123456\r\nmq.productConnectionCount=4\r\nmq.productThreadCount=10\r\nmq.consumerConnectionCount=2\r\nmq.consumerThreadCount=4		\r\n					\r\n					\r\n					\r\n					\r\n					, status=1, environment=staging, userId=1, createTime=Mon Feb 02 19:33:59 CST 2015, modifyTime=Tue Feb 03 13:45:56 CST 2015, itemModifyTime=null]',NULL,NULL,NULL,'PropConfDO [id=10, appFileId=6, appId=7, actualUse=null, content=mq.hosts=172.16.100.43:5672,172.16.100.44:5672\r\nmq.username=elsa\r\nmq.password=123456\r\nmq.productConnectionCount=4\r\nmq.productThreadCount=10\r\nmq.consumerConnectionCount=2\r\nmq.consumerThreadCount=4		\r\n					\r\n					\r\n					\r\n					\r\n					\r\n					, status=1, environment=staging, userId=1, createTime=Mon Feb 09 12:02:14 CST 2015, modifyTime=Tue Feb 03 13:45:56 CST 2015, itemModifyTime=null]',NULL),(20,NULL,NULL,NULL,'PropConfDO [id=10, appFileId=6, appId=7, actualUse=null, content=mq.hosts=172.16.100.43:5672,172.16.100.44:5672\r\nmq.username=elsa\r\nmq.password=123456\r\nmq.productConnectionCount=4\r\nmq.productThreadCount=10\r\nmq.consumerConnectionCount=2\r\nmq.consumerThreadCount=4		\r\n					\r\n					\r\n					\r\n					\r\n					\r\n					, status=1, environment=staging, userId=1, createTime=Mon Feb 02 19:33:59 CST 2015, modifyTime=Tue Feb 03 13:45:56 CST 2015, itemModifyTime=null]',NULL,NULL,NULL,'PropConfDO [id=10, appFileId=6, appId=7, actualUse=null, content=mq.hosts=172.16.100.43:5672,172.16.100.44:5672\r\nmq.username=elsa\r\nmq.password=123456\r\nmq.productConnectionCount=4\r\nmq.productThreadCount=10\r\nmq.consumerConnectionCount=2\r\nmq.consumerThreadCount=4		\r\n					\r\n					\r\n					\r\n					\r\n					\r\n					\r\n					, status=1, environment=staging, userId=1, createTime=Mon Feb 09 17:04:05 CST 2015, modifyTime=Tue Feb 03 13:45:56 CST 2015, itemModifyTime=null]',NULL),(21,NULL,NULL,NULL,'PropConfDO [id=10, appFileId=6, appId=7, actualUse=null, content=mq.hosts=172.16.100.43:5672,172.16.100.44:5672\r\nmq.username=elsa\r\nmq.password=123456\r\nmq.productConnectionCount=4\r\nmq.productThreadCount=10\r\nmq.consumerConnectionCount=2\r\nmq.consumerThreadCount=4		\r\n					\r\n					\r\n					\r\n					\r\n					\r\n					\r\n					, status=1, environment=staging, userId=1, createTime=Mon Feb 02 19:33:59 CST 2015, modifyTime=Tue Feb 03 13:45:56 CST 2015, itemModifyTime=null]',NULL,NULL,NULL,'PropConfDO [id=10, appFileId=6, appId=7, actualUse=null, content=mq.hosts=172.16.100.43:5672,172.16.100.44:5672\r\nmq.username=elsa\r\nmq.password=123456\r\nmq.productConnectionCount=4\r\nmq.productThreadCount=10\r\nmq.consumerConnectionCount=2\r\nmq.consumerThreadCount=4		\r\n					\r\n					\r\n					\r\n					\r\n					\r\n					\r\n					\r\n					, status=1, environment=staging, userId=1, createTime=Mon Feb 09 17:04:29 CST 2015, modifyTime=Tue Feb 03 13:45:56 CST 2015, itemModifyTime=null]',NULL),(22,NULL,NULL,NULL,'PropConfDO [id=10, appFileId=6, appId=7, actualUse=null, content=mq.hosts=172.16.100.43:5672,172.16.100.44:5672\r\nmq.username=elsa\r\nmq.password=123456\r\nmq.productConnectionCount=4\r\nmq.productThreadCount=10\r\nmq.consumerConnectionCount=2\r\nmq.consumerThreadCount=4		\r\n					\r\n					\r\n					\r\n					\r\n					\r\n					\r\n					\r\n					, status=1, environment=staging, userId=1, createTime=Mon Feb 02 19:33:59 CST 2015, modifyTime=Tue Feb 03 13:45:56 CST 2015, itemModifyTime=null]',NULL,NULL,NULL,'PropConfDO [id=10, appFileId=6, appId=7, actualUse=null, content=mq.hosts=172.16.100.43:5672,172.16.100.44:5672\r\nmq.username=elsa\r\nmq.password=123456\r\nmq.productConnectionCount=4\r\nmq.productThreadCount=10\r\nmq.consumerConnectionCount=2\r\nmq.consumerThreadCount=4		\r\n					\r\n					\r\n					\r\n					\r\n					\r\n					\r\n					\r\n					\r\n					, status=1, environment=staging, userId=1, createTime=Mon Feb 09 17:05:18 CST 2015, modifyTime=Tue Feb 03 13:45:56 CST 2015, itemModifyTime=null]',NULL),(23,NULL,NULL,NULL,'PropConfDO [id=10, appFileId=6, appId=7, actualUse=null, content=mq.hosts=172.16.100.43:5672,172.16.100.44:5672\r\nmq.username=elsa\r\nmq.password=123456\r\nmq.productConnectionCount=4\r\nmq.productThreadCount=10\r\nmq.consumerConnectionCount=2\r\nmq.consumerThreadCount=4		\r\n					\r\n					\r\n					\r\n					\r\n					\r\n					\r\n					\r\n					\r\n					, status=1, environment=staging, userId=1, createTime=Mon Feb 02 19:33:59 CST 2015, modifyTime=Tue Feb 03 13:45:56 CST 2015, itemModifyTime=null]',NULL,NULL,NULL,'PropConfDO [id=10, appFileId=6, appId=7, actualUse=null, content=mq.hosts=172.16.100.43:5672,172.16.100.44:5672\r\nmq.username=elsa\r\nmq.password=123456\r\nmq.productConnectionCount=4\r\nmq.productThreadCount=10\r\nmq.consumerConnectionCount=2\r\nmq.consumerThreadCount=4		\r\n					\r\n					\r\n					\r\n					\r\n					\r\n					\r\n					\r\n					\r\n					\r\n					, status=1, environment=staging, userId=1, createTime=Mon Feb 09 17:05:53 CST 2015, modifyTime=Tue Feb 03 13:45:56 CST 2015, itemModifyTime=null]',NULL),(24,NULL,NULL,NULL,'PropConfDO [id=10, appFileId=6, appId=7, actualUse=null, content=mq.hosts=172.16.100.43:5672,172.16.100.44:5672\r\nmq.username=elsa\r\nmq.password=123456\r\nmq.productConnectionCount=4\r\nmq.productThreadCount=10\r\nmq.consumerConnectionCount=2\r\nmq.consumerThreadCount=4		\r\n					\r\n					\r\n					\r\n					\r\n					\r\n					\r\n					\r\n					\r\n					\r\n					, status=1, environment=staging, userId=1, createTime=Mon Feb 02 19:33:59 CST 2015, modifyTime=Tue Feb 03 13:45:56 CST 2015, itemModifyTime=null]',NULL,NULL,NULL,'PropConfDO [id=10, appFileId=6, appId=7, actualUse=null, content=mq.hosts=172.16.100.43:5672,172.16.100.44:5672\r\nmq.username=elsa\r\nmq.password=123456\r\nmq.productConnectionCount=4\r\nmq.productThreadCount=10\r\nmq.consumerConnectionCount=2\r\nmq.consumerThreadCount=4		\r\n					\r\n					\r\n					\r\n					\r\n					\r\n					\r\n					\r\n					\r\n					\r\n					\r\n					, status=1, environment=staging, userId=1, createTime=Mon Feb 09 17:06:35 CST 2015, modifyTime=Tue Feb 03 13:45:56 CST 2015, itemModifyTime=null]',NULL),(25,NULL,NULL,NULL,'PropConfDO [id=10, appFileId=6, appId=7, actualUse=null, content=mq.hosts=172.16.100.43:5672,172.16.100.44:5672\r\nmq.username=elsa\r\nmq.password=123456\r\nmq.productConnectionCount=4\r\nmq.productThreadCount=10\r\nmq.consumerConnectionCount=2\r\nmq.consumerThreadCount=4		\r\n					\r\n					\r\n					\r\n					\r\n					\r\n					\r\n					\r\n					\r\n					\r\n					\r\n					, status=1, environment=staging, userId=1, createTime=Mon Feb 02 19:33:59 CST 2015, modifyTime=Tue Feb 03 13:45:56 CST 2015, itemModifyTime=null]',NULL,NULL,NULL,'PropConfDO [id=10, appFileId=6, appId=7, actualUse=null, content=mq.hosts=172.16.100.43:5672,172.16.100.44:5672\r\nmq.username=elsa\r\nmq.password=123456\r\nmq.productConnectionCount=4\r\nmq.productThreadCount=10\r\nmq.consumerConnectionCount=2\r\nmq.consumerThreadCount=4		\r\n					\r\n					\r\n					\r\n					\r\n					\r\n					\r\n					\r\n					\r\n					\r\n					\r\n					\r\n					, status=1, environment=staging, userId=1, createTime=Mon Feb 09 17:15:47 CST 2015, modifyTime=Tue Feb 03 13:45:56 CST 2015, itemModifyTime=null]',NULL),(26,NULL,NULL,NULL,'PropConfDO [id=10, appFileId=6, appId=7, actualUse=null, content=mq.hosts=172.16.100.43:5672,172.16.100.44:5672\r\nmq.username=elsa\r\nmq.password=123456\r\nmq.productConnectionCount=4\r\nmq.productThreadCount=10\r\nmq.consumerConnectionCount=2\r\nmq.consumerThreadCount=4		\r\n					\r\n					\r\n					\r\n					\r\n					\r\n					\r\n					\r\n					\r\n					\r\n					\r\n					\r\n					, status=1, environment=staging, userId=1, createTime=Mon Feb 02 19:33:59 CST 2015, modifyTime=Tue Feb 03 13:45:56 CST 2015, itemModifyTime=null]',NULL,NULL,NULL,'PropConfDO [id=10, appFileId=6, appId=7, actualUse=null, content=mq.hosts=172.16.100.43:5672,172.16.100.44:5672\r\nmq.username=elsa\r\nmq.password=123456\r\nmq.productConnectionCount=4\r\nmq.productThreadCount=10\r\nmq.consumerConnectionCount=2\r\nmq.consumerThreadCount=4		\r\n					\r\n					\r\n					\r\n					\r\n					\r\n					\r\n					\r\n					\r\n					\r\n					\r\n					\r\n					\r\n					, status=1, environment=staging, userId=1, createTime=Mon Feb 09 17:17:42 CST 2015, modifyTime=Tue Feb 03 13:45:56 CST 2015, itemModifyTime=null]',NULL),(27,NULL,NULL,NULL,'PropConfDO [id=10, appFileId=6, appId=7, actualUse=null, content=mq.hosts=172.16.100.43:5672,172.16.100.44:5672\r\nmq.username=elsa\r\nmq.password=123456\r\nmq.productConnectionCount=4\r\nmq.productThreadCount=10\r\nmq.consumerConnectionCount=2\r\nmq.consumerThreadCount=4		\r\n					\r\n					\r\n					\r\n					\r\n					\r\n					\r\n					\r\n					\r\n					\r\n					\r\n					\r\n					\r\n					, status=1, environment=staging, userId=1, createTime=Mon Feb 02 19:33:59 CST 2015, modifyTime=Tue Feb 03 13:45:56 CST 2015, itemModifyTime=null]',NULL,NULL,NULL,'PropConfDO [id=10, appFileId=6, appId=7, actualUse=null, content=mq.hosts=172.16.100.43:5672,172.16.100.44:5672\r\nmq.username=elsa\r\nmq.password=123456\r\nmq.productConnectionCount=4\r\nmq.productThreadCount=10\r\nmq.consumerConnectionCount=2\r\nmq.consumerThreadCount=4		\r\n					\r\n					\r\n					\r\n					\r\n					\r\n					\r\n					\r\n					\r\n					\r\n					\r\n					\r\n					\r\n					\r\n					, status=1, environment=staging, userId=1, createTime=Mon Feb 09 17:17:45 CST 2015, modifyTime=Tue Feb 03 13:45:56 CST 2015, itemModifyTime=null]',NULL),(28,NULL,NULL,NULL,'PropConfDO [id=10, appFileId=6, appId=7, actualUse=null, content=mq.hosts=172.16.100.43:5672,172.16.100.44:5672\r\nmq.username=elsa\r\nmq.password=123456\r\nmq.productConnectionCount=4\r\nmq.productThreadCount=10\r\nmq.consumerConnectionCount=2\r\nmq.consumerThreadCount=4		\r\n					\r\n					\r\n					\r\n					\r\n					\r\n					\r\n					\r\n					\r\n					\r\n					\r\n					\r\n					\r\n					\r\n					, status=1, environment=staging, userId=1, createTime=Mon Feb 02 19:33:59 CST 2015, modifyTime=Tue Feb 03 13:45:56 CST 2015, itemModifyTime=null]',NULL,NULL,NULL,'PropConfDO [id=10, appFileId=6, appId=7, actualUse=null, content=mq.hosts=172.16.100.43:5672,172.16.100.44:5672\r\nmq.username=elsa\r\nmq.password=123456\r\nmq.productConnectionCount=4\r\nmq.productThreadCount=10\r\nmq.consumerConnectionCount=2\r\nmq.consumerThreadCount=4		\r\n					\r\n					\r\n					\r\n					\r\n					\r\n					\r\n					\r\n					\r\n					\r\n					\r\n					\r\n					\r\n					\r\n					\r\n					, status=1, environment=staging, userId=1, createTime=Mon Feb 09 17:19:26 CST 2015, modifyTime=Tue Feb 03 13:45:56 CST 2015, itemModifyTime=null]',NULL),(29,NULL,NULL,NULL,'PropConfDO [id=10, appFileId=6, appId=7, actualUse=null, content=mq.hosts=172.16.100.43:5672,172.16.100.44:5672\r\nmq.username=elsa\r\nmq.password=123456\r\nmq.productConnectionCount=4\r\nmq.productThreadCount=10\r\nmq.consumerConnectionCount=2\r\nmq.consumerThreadCount=4		\r\n					\r\n					\r\n					\r\n					\r\n					\r\n					\r\n					\r\n					\r\n					\r\n					\r\n					\r\n					\r\n					\r\n					\r\n					, status=1, environment=staging, userId=1, createTime=Mon Feb 02 19:33:59 CST 2015, modifyTime=Tue Feb 03 13:45:56 CST 2015, itemModifyTime=null]',NULL,NULL,NULL,'PropConfDO [id=10, appFileId=6, appId=7, actualUse=null, content=mq.hosts=172.16.100.43:5672,172.16.100.44:5672\r\nmq.username=elsa\r\nmq.password=123456\r\nmq.productConnectionCount=4\r\nmq.productThreadCount=10\r\nmq.consumerConnectionCount=2\r\nmq.consumerThreadCount=4		\r\n					\r\n					\r\n					\r\n					\r\n					\r\n					\r\n					\r\n					\r\n					\r\n					\r\n					\r\n					\r\n					\r\n					\r\n					\r\n					, status=1, environment=staging, userId=1, createTime=Mon Feb 09 17:20:21 CST 2015, modifyTime=Tue Feb 03 13:45:56 CST 2015, itemModifyTime=null]',NULL),(30,NULL,NULL,NULL,'PropConfDO [id=10, appFileId=6, appId=7, actualUse=null, content=mq.hosts=172.16.100.43:5672,172.16.100.44:5672\r\nmq.username=elsa\r\nmq.password=123456\r\nmq.productConnectionCount=4\r\nmq.productThreadCount=10\r\nmq.consumerConnectionCount=2\r\nmq.consumerThreadCount=4		\r\n					\r\n					\r\n					\r\n					\r\n					\r\n					\r\n					\r\n					\r\n					\r\n					\r\n					\r\n					\r\n					\r\n					\r\n					\r\n					, status=1, environment=staging, userId=1, createTime=Mon Feb 02 19:33:59 CST 2015, modifyTime=Tue Feb 03 13:45:56 CST 2015, itemModifyTime=null]',NULL,NULL,NULL,'PropConfDO [id=10, appFileId=6, appId=7, actualUse=null, content=\r\n					\r\n					\r\n					\r\n					\r\n					\r\n					\r\n					\r\n					\r\n					\r\n					\r\n					\r\n					\r\n					\r\n					\r\n					, status=1, environment=staging, userId=1, createTime=Mon Feb 09 17:21:14 CST 2015, modifyTime=Tue Feb 03 13:45:56 CST 2015, itemModifyTime=null]',NULL),(31,NULL,NULL,NULL,'PropConfDO [id=10, appFileId=6, appId=7, actualUse=null, content=\r\n					\r\n					\r\n					\r\n					\r\n					\r\n					\r\n					\r\n					\r\n					\r\n					\r\n					\r\n					\r\n					\r\n					\r\n					, status=1, environment=staging, userId=1, createTime=Mon Feb 02 19:33:59 CST 2015, modifyTime=Tue Feb 03 13:45:56 CST 2015, itemModifyTime=null]',NULL,NULL,NULL,'PropConfDO [id=10, appFileId=6, appId=7, actualUse=null, content=					\r\n					\r\n					\r\n					\r\n					\r\n					\r\n					\r\n					\r\n					\r\n					\r\n					\r\n					\r\n					\r\n					\r\n					\r\n					, status=1, environment=staging, userId=1, createTime=Mon Feb 09 17:21:21 CST 2015, modifyTime=Tue Feb 03 13:45:56 CST 2015, itemModifyTime=null]',NULL),(32,NULL,NULL,NULL,'PropConfDO [id=10, appFileId=6, appId=7, actualUse=null, content=					\r\n					\r\n					\r\n					\r\n					\r\n					\r\n					\r\n					\r\n					\r\n					\r\n					\r\n					\r\n					\r\n					\r\n					\r\n					, status=1, environment=staging, userId=1, createTime=Mon Feb 02 19:33:59 CST 2015, modifyTime=Tue Feb 03 13:45:56 CST 2015, itemModifyTime=null]',NULL,NULL,NULL,'PropConfDO [id=10, appFileId=6, appId=7, actualUse=null, content=\r\n					\r\n					\r\n					\r\n					, status=1, environment=staging, userId=1, createTime=Mon Feb 09 17:21:26 CST 2015, modifyTime=Tue Feb 03 13:45:56 CST 2015, itemModifyTime=null]',NULL),(33,NULL,NULL,NULL,'PropConfDO [id=10, appFileId=6, appId=7, actualUse=null, content=\r\n					\r\n					\r\n					\r\n					, status=1, environment=staging, userId=1, createTime=Mon Feb 02 19:33:59 CST 2015, modifyTime=Tue Feb 03 13:45:56 CST 2015, itemModifyTime=null]',NULL,NULL,NULL,'PropConfDO [id=10, appFileId=6, appId=7, actualUse=null, content=					\r\n					\r\n					\r\n					\r\n					, status=1, environment=staging, userId=1, createTime=Mon Feb 09 17:24:07 CST 2015, modifyTime=Tue Feb 03 13:45:56 CST 2015, itemModifyTime=null]',NULL),(34,NULL,NULL,NULL,'PropConfDO [id=10, appFileId=6, appId=7, actualUse=null, content=					\r\n					\r\n					\r\n					\r\n					, status=1, environment=staging, userId=1, createTime=Mon Feb 02 19:33:59 CST 2015, modifyTime=Tue Feb 03 13:45:56 CST 2015, itemModifyTime=null]',NULL,NULL,NULL,'PropConfDO [id=10, appFileId=6, appId=7, actualUse=null, content=					\r\n					\r\n					\r\n					\r\n					\r\n					, status=1, environment=staging, userId=1, createTime=Mon Feb 09 17:24:11 CST 2015, modifyTime=Tue Feb 03 13:45:56 CST 2015, itemModifyTime=null]',NULL),(35,NULL,NULL,NULL,'PropConfDO [id=10, appFileId=6, appId=7, actualUse=null, content=					\r\n					\r\n					\r\n					\r\n					\r\n					, status=1, environment=staging, userId=1, createTime=Mon Feb 02 19:33:59 CST 2015, modifyTime=Tue Feb 03 13:45:56 CST 2015, itemModifyTime=null]',NULL,NULL,NULL,'PropConfDO [id=10, appFileId=6, appId=7, actualUse=null, content=					\r\n					\r\n					\r\n					\r\n					\r\n					\r\n					, status=1, environment=staging, userId=1, createTime=Mon Feb 09 17:26:40 CST 2015, modifyTime=Tue Feb 03 13:45:56 CST 2015, itemModifyTime=null]',NULL),(36,NULL,NULL,NULL,'PropConfDO [id=10, appFileId=6, appId=7, actualUse=null, content=					\r\n					\r\n					\r\n					\r\n					\r\n					\r\n					, status=1, environment=staging, userId=1, createTime=Mon Feb 02 19:33:59 CST 2015, modifyTime=Tue Feb 03 13:45:56 CST 2015, itemModifyTime=null]',NULL,NULL,NULL,'PropConfDO [id=10, appFileId=6, appId=7, actualUse=null, content=					\r\n					\r\n					\r\n					\r\n					\r\n					\r\n					, status=1, environment=staging, userId=1, createTime=Mon Feb 09 20:00:40 CST 2015, modifyTime=Tue Feb 03 13:45:56 CST 2015, itemModifyTime=null]',NULL),(37,NULL,NULL,NULL,'PropConfDO [id=14, appFileId=8, appId=7, actualUse=null, content=a=b\r\nc=d\r\ne=f		\r\n					\r\n	dddaadddddddd				\r\n					\r\n					\r\n					\r\n					\r\n					, status=0, environment=staging, userId=2, createTime=Tue Feb 03 18:11:26 CST 2015, modifyTime=Mon Feb 09 19:47:23 CST 2015, itemModifyTime=null]',NULL,NULL,NULL,'PropConfDO [id=14, appFileId=8, appId=7, actualUse=null, content=a=b\r\nc=d\r\ne=f		\r\n					\r\n	dddaadddddddd				\r\n					\r\n					\r\n					\r\n					\r\n					, status=0, environment=staging, userId=2, createTime=Mon Feb 09 20:04:46 CST 2015, modifyTime=Mon Feb 09 19:47:23 CST 2015, itemModifyTime=null]',NULL),(38,NULL,NULL,NULL,'PropConfDO [id=14, appFileId=8, appId=7, actualUse=null, content=a=b\r\nc=d\r\ne=f		\r\n					\r\n	dddaadddddddd				\r\n					\r\n					\r\n					\r\n					\r\n					, status=0, environment=staging, userId=2, createTime=Tue Feb 03 18:11:26 CST 2015, modifyTime=Mon Feb 09 19:47:23 CST 2015, itemModifyTime=null]',NULL,NULL,NULL,'PropConfDO [id=14, appFileId=8, appId=7, actualUse=null, content=a=b\r\nc=d\r\ne=f		\r\n					\r\n	dddaadddddddd				\r\n					\r\n					\r\n					\r\n					\r\n					, status=0, environment=staging, userId=2, createTime=Mon Feb 09 20:04:56 CST 2015, modifyTime=Mon Feb 09 19:47:23 CST 2015, itemModifyTime=null]',NULL),(39,NULL,NULL,NULL,'PropConfDO [id=14, appFileId=8, appId=7, actualUse=null, content=a=b\r\nc=d\r\ne=f		\r\n					\r\n	dddaadddddddd				\r\n					\r\n					\r\n					\r\n					\r\n					, status=0, environment=staging, userId=2, createTime=Tue Feb 03 18:11:26 CST 2015, modifyTime=Mon Feb 09 19:47:23 CST 2015, itemModifyTime=null]',NULL,NULL,NULL,'PropConfDO [id=14, appFileId=8, appId=7, actualUse=null, content=a=b\r\nc=d\r\ne=f		\r\n					\r\n	dddaadddddddd				\r\n					\r\n					\r\n					\r\n					\r\n					, status=0, environment=staging, userId=2, createTime=Mon Feb 09 20:05:14 CST 2015, modifyTime=Mon Feb 09 19:47:23 CST 2015, itemModifyTime=null]',NULL),(40,NULL,NULL,NULL,'PropConfDO [id=14, appFileId=8, appId=7, actualUse=null, content=a=b\r\nc=d\r\ne=f		\r\n					\r\n	dddaadddddddd				\r\n					\r\n					\r\n					\r\n					\r\n					, status=0, environment=staging, userId=2, createTime=Tue Feb 03 18:11:26 CST 2015, modifyTime=Mon Feb 09 19:47:23 CST 2015, itemModifyTime=null]',NULL,NULL,NULL,'PropConfDO [id=14, appFileId=8, appId=7, actualUse=null, content=a=b\r\nc=d\r\ne=f		\r\n					\r\n	dddaadddddddd				\r\n					\r\n					\r\n					\r\n					\r\n					\r\n					, status=1, environment=staging, userId=2, createTime=Mon Feb 09 20:10:42 CST 2015, modifyTime=Mon Feb 09 19:47:23 CST 2015, itemModifyTime=null]',NULL),(41,NULL,NULL,7,'aaaaa			\r\ndddd					\r\n					','opm','staging',NULL,NULL,11),(42,NULL,NULL,7,'aaaaa			\r\ndddd					\r\n					\r\n					','opm','staging',NULL,NULL,11),(43,NULL,NULL,7,NULL,'opm','staging',NULL,'###########after change#############\r\naaaaa			\r\ndddd	\r\ncccc',11),(44,NULL,NULL,7,'aaaaa			\r\ndddd	\r\ncccc','opm','staging',NULL,'###########after change#############\r\naaaaa			\r\ndddd	\r\ncccc\r\nddd',11),(45,NULL,NULL,7,'aaaaa			\r\ndddd	\r\ncccc\r\nddd','opm','staging',NULL,'###########after change#############\r\naaaaa			\r\ndddd	\r\ncccc\r\nddd\r\neee',11),(46,NULL,NULL,7,'aaaaa			\r\ndddd	\r\ncccc\r\nddd\r\neee','aaa','staging',NULL,'###########after change#############\r\naaaaa			\r\ndddd	\r\ncccc\r\nddd\r\neee\r\naaaa',11),(47,NULL,NULL,7,'aaaaa			\r\ndddd	\r\ncccc\r\nddd\r\neee\r\naaaa','aaa','staging',NULL,'###########after change#############\r\naaaaa			\r\ndddd	\r\ncccc\r\nddd\r\neee\r\naaaa',11),(48,NULL,NULL,7,'zzzzzzzzzzzzzzzzzzzzzzz			','opm','produce',NULL,'aaaa	\r\naaa\r\n###########after change#############\r\nzzzzzzzzzzzzzzzzzzzzzzz',11),(49,NULL,'2',7,'aaaa	\r\naaa\r\nzzzzzzzzzzzzzzzzzzzzzzz','opm','produce',NULL,'###########after change#############\r\naaaa	\r\naaa\r\nzzzzzzzzzzzzzzzzzzzzzzz\r\nccccccc',11),(50,NULL,'1',7,'aaaa	\r\naaa\r\nzzzzzzzzzzzzzzzzzzzzzzz\r\nccccccc','opm','produce','2015-02-10 14:36:13','###########after change#############\r\naaaa	\r\naaa\r\nzzzzzzzzzzzzzzzzzzzzzzz\r\nccccccc\r\ndddddd',11),(51,19,'1',7,'aaaa	\r\naaa\r\nzzzzzzzzzzzzzzzzzzzzzzz\r\nccccccc\r\ndddddd','opm','produce','2015-02-10 14:46:02','###########after change#############\r\naaaa	\r\naaa\r\nzzzzzzzzzzzzzzzzzzzzzzz\r\nccccccc\r\ndddddd\r\neeeee',11),(52,21,'0',NULL,NULL,'tl','produce','2015-02-10 18:19:11','1111111111111111111111111ccccccc',7),(53,20,'0',7,'1111111111111111111111	\r\naaaaaaaaaaaaaacccccccccccc	\r\n					','tl','produce','2015-02-10 18:21:23',NULL,6),(54,21,'0',7,'1111111111111111111111111ccccccc\r\naaaaaaaaa		\r\nbbbbbbbbb	\r\nstagingstagingstaging				','tl','staging','2015-02-10 18:27:24','1111111111111111111111111ccccccc\r\naaaaaaaaa		\r\nbbbbbbbbb	\r\nstagingstagingstaging				',6),(55,21,'0',7,'1111111111111111111111111ccccccc\r\naaaaaaaaa		\r\nbbbbbbbbb	\r\nstagingstagingstaging	\r\naaaaaaa			\r\n					','tl','staging','2015-02-10 18:28:17','1111111111111111111111111ccccccc\r\naaaaaaaaa		\r\nbbbbbbbbb	\r\nstagingstagingstaging	\r\naaaaaaa			\r\n					',6),(56,21,'0',7,'1111111111111111111111111ccccccc\r\naaaaaaaaa		\r\nbbbbbbbbb	\r\nstagingstagingstaging	\r\naaaaaaa			\r\naaaaa			\r\n					','tl','staging','2015-02-10 18:33:04','1111111111111111111111111ccccccc\r\naaaaaaaaa		\r\nbbbbbbbbb	\r\nstagingstagingstaging	\r\naaaaaaa			\r\naaaaa			\r\n					',6),(57,21,'0',7,'1111111111111111111111111ccccccc\r\naaaaaaaaa		\r\nbbbbbbbbb	\r\nstagingstagingstaging	\r\naaaaaaa			\r\naaaaa\r\n\r\n===========			\r\n					\r\n					','tl','staging','2015-02-10 18:43:32','1111111111111111111111111ccccccc\r\naaaaaaaaa		\r\nbbbbbbbbb	\r\nstagingstagingstaging	\r\naaaaaaa			\r\naaaaa\r\n\r\n===========			\r\n					\r\n					',6),(58,20,'0',7,'1111111111111111111111	\r\naaaaaaaaaaaaaacccccccccccc	\r\nproduce	produceproduceproduceproduceproduce	\r\noooooooooo\r\n			\r\nbbbb		\r\n					\r\n+++++++++++++++++							','tl','produce','2015-02-10 18:43:32','1111111111111111111111	\r\naaaaaaaaaaaaaacccccccccccc	\r\nproduce	produceproduceproduceproduceproduce	\r\noooooooooo\r\n			\r\nbbbb		\r\n					\r\n+++++++++++++++++							',6),(59,22,'0',NULL,NULL,'tl','staging','2015-02-10 18:44:33','aaaaaaaa				',7),(60,23,'0',NULL,NULL,'tl','produce','2015-02-10 18:44:33','aaaaaaqa	',7),(61,21,'0',7,'1111111111111111111111111ccccccc\r\naaaaaaaaa		\r\nbbbbbbbbb	\r\nstagingstagingstaging	\r\naaaaaaa			\r\naaaaa\r\n\r\n===========			\r\nssss					\r\n					\r\n					','tl','staging','2015-02-12 20:02:11','1111111111111111111111111ccccccc\r\naaaaaaaaa		\r\nbbbbbbbbb	\r\nstagingstagingstaging	\r\naaaaaaa			\r\naaaaa\r\n\r\n===========			\r\nssss					\r\n					\r\n					',6),(62,20,'0',7,'1111111111111111111111	\r\naaaaaaaaaaaaaacccccccccccc	\r\nproduce	produceproduceproduceproduceproduce	\r\noooooooooo\r\n			\r\nbbbb		\r\n					\r\n+++++++++++++++++							\r\n					','tl','produce','2015-02-12 20:02:11','1111111111111111111111	\r\naaaaaaaaaaaaaacccccccccccc	\r\nproduce	produceproduceproduceproduceproduce	\r\noooooooooo\r\n			\r\nbbbb		\r\n					\r\n+++++++++++++++++							\r\n					',6),(63,24,'0',8,NULL,'tl','staging','2015-02-25 17:37:44','log4j.rootLogger = info, console, R\r\nlog4j.appender.console = org.apache.log4j.ConsoleAppender\r\nlog4j.appender.console.layout = org.apache.log4j.PatternLayout\r\nlog4j.appender.console.layout.ConversionPattern = %-d{yyyy-MM-dd HH:mm:ss}-[%p] SALESORDER_WEB [%c %L] %m%n\r\nlog4j.appender.R = org.apache.log4j.DailyRollingFileAppender\r\nlog4j.appender.R.File=/data/logs/salesorder-web/catalina.log\r\nlog4j.appender.R.MaxFileSize = 500KB\r\nlog4j.appender.R.MaxBackupIndex = 1\r\nlog4j.appender.R.layout = org.apache.log4j.PatternLayout\r\nlog4j.appender.R.layout.ConversionPattern=%-d{yyyy-MM-dd HH:mm:ss}-[%p] SALESORDER_WEB [%c %L] - %m%n\r\n\r\nlog4j.logger.com.elsa.salesorder=debug,console,R\r\nlog4j.additivity.com.elsa.salesorder=false',10),(64,25,'0',8,NULL,'tl','produce','2015-02-25 17:37:44','log4j.rootLogger = info, console, R\r\nlog4j.appender.console = org.apache.log4j.ConsoleAppender\r\nlog4j.appender.console.layout = org.apache.log4j.PatternLayout\r\nlog4j.appender.console.layout.ConversionPattern = %-d{yyyy-MM-dd HH:mm:ss}-[%p] SALESORDER_WEB [%c %L] %m%n\r\nlog4j.appender.R = org.apache.log4j.DailyRollingFileAppender\r\nlog4j.appender.R.File=/data/logs/salesorder-web/catalina.log\r\nlog4j.appender.R.MaxFileSize = 500KB\r\nlog4j.appender.R.MaxBackupIndex = 1\r\nlog4j.appender.R.layout = org.apache.log4j.PatternLayout\r\nlog4j.appender.R.layout.ConversionPattern=%-d{yyyy-MM-dd HH:mm:ss}-[%p] SALESORDER_WEB [%c %L] - %m%n\r\n\r\nlog4j.logger.com.elsa.salesorder=debug,console,R\r\nlog4j.additivity.com.elsa.salesorder=false',10),(65,25,'0',8,'log4j.rootLogger = info, console, R\r\nlog4j.appender.console = org.apache.log4j.ConsoleAppender\r\nlog4j.appender.console.layout = org.apache.log4j.PatternLayout\r\nlog4j.appender.console.layout.ConversionPattern = %-d{yyyy-MM-dd HH:mm:ss}-[%p] SALESORDER_WEB [%c %L] %m%n\r\nlog4j.appender.R = org.apache.log4j.DailyRollingFileAppender\r\nlog4j.appender.R.File=/data/logs/salesorder-web/catalina.log\r\nlog4j.appender.R.MaxFileSize = 500KB\r\nlog4j.appender.R.MaxBackupIndex = 1\r\nlog4j.appender.R.layout = org.apache.log4j.PatternLayout\r\nlog4j.appender.R.layout.ConversionPattern=%-d{yyyy-MM-dd HH:mm:ss}-[%p] SALESORDER_WEB [%c %L] - %m%n\r\n\r\nlog4j.logger.com.elsa.salesorder=debug,console,R\r\nlog4j.additivity.com.elsa.salesorder=false\r\n					','tl','staging','2015-02-25 17:37:49','log4j.rootLogger = info, console, R\r\nlog4j.appender.console = org.apache.log4j.ConsoleAppender\r\nlog4j.appender.console.layout = org.apache.log4j.PatternLayout\r\nlog4j.appender.console.layout.ConversionPattern = %-d{yyyy-MM-dd HH:mm:ss}-[%p] SALESORDER_WEB [%c %L] %m%n\r\nlog4j.appender.R = org.apache.log4j.DailyRollingFileAppender\r\nlog4j.appender.R.File=/data/logs/salesorder-web/catalina.log\r\nlog4j.appender.R.MaxFileSize = 500KB\r\nlog4j.appender.R.MaxBackupIndex = 1\r\nlog4j.appender.R.layout = org.apache.log4j.PatternLayout\r\nlog4j.appender.R.layout.ConversionPattern=%-d{yyyy-MM-dd HH:mm:ss}-[%p] SALESORDER_WEB [%c %L] - %m%n\r\n\r\nlog4j.logger.com.elsa.salesorder=debug,console,R\r\nlog4j.additivity.com.elsa.salesorder=false\r\n					',10),(66,24,'0',8,'log4j.rootLogger = info, console, R\r\nlog4j.appender.console = org.apache.log4j.ConsoleAppender\r\nlog4j.appender.console.layout = org.apache.log4j.PatternLayout\r\nlog4j.appender.console.layout.ConversionPattern = %-d{yyyy-MM-dd HH:mm:ss}-[%p] SALESORDER_WEB [%c %L] %m%n\r\nlog4j.appender.R = org.apache.log4j.DailyRollingFileAppender\r\nlog4j.appender.R.File=/data/logs/salesorder-web/catalina.log\r\nlog4j.appender.R.MaxFileSize = 500KB\r\nlog4j.appender.R.MaxBackupIndex = 1\r\nlog4j.appender.R.layout = org.apache.log4j.PatternLayout\r\nlog4j.appender.R.layout.ConversionPattern=%-d{yyyy-MM-dd HH:mm:ss}-[%p] SALESORDER_WEB [%c %L] - %m%n\r\n\r\nlog4j.logger.com.elsa.salesorder=debug,console,R\r\nlog4j.additivity.com.elsa.salesorder=false\r\n					','tl','produce','2015-02-25 17:37:49','log4j.rootLogger = info, console, R\r\nlog4j.appender.console = org.apache.log4j.ConsoleAppender\r\nlog4j.appender.console.layout = org.apache.log4j.PatternLayout\r\nlog4j.appender.console.layout.ConversionPattern = %-d{yyyy-MM-dd HH:mm:ss}-[%p] SALESORDER_WEB [%c %L] %m%n\r\nlog4j.appender.R = org.apache.log4j.DailyRollingFileAppender\r\nlog4j.appender.R.File=/data/logs/salesorder-web/catalina.log\r\nlog4j.appender.R.MaxFileSize = 500KB\r\nlog4j.appender.R.MaxBackupIndex = 1\r\nlog4j.appender.R.layout = org.apache.log4j.PatternLayout\r\nlog4j.appender.R.layout.ConversionPattern=%-d{yyyy-MM-dd HH:mm:ss}-[%p] SALESORDER_WEB [%c %L] - %m%n\r\n\r\nlog4j.logger.com.elsa.salesorder=debug,console,R\r\nlog4j.additivity.com.elsa.salesorder=false\r\n					',10),(67,21,'0',7,'1111111111111111111111111ccccccc\r\naaaaaaaaa		\r\nbbbbbbbbb	\r\nstagingstagingstaging	\r\naaaaaaa			\r\naaaaa\r\n\r\n===========			\r\nssss					\r\n					\r\n					\r\n					','tl','staging','2015-02-25 17:38:14','1111111111111111111111111ccccccc\r\naaaaaaaaa		\r\nbbbbbbbbb	\r\nstagingstagingstaging	\r\naaaaaaa			\r\naaaaa\r\n\r\n===========			\r\nssss					\r\n					\r\n					\r\n					',6),(68,20,'0',7,'1111111111111111111111	\r\naaaaaaaaaaaaaacccccccccccc	\r\nproduce	produceproduceproduceproduceproduce	\r\noooooooooo\r\n			\r\nbbbb		\r\n					\r\n+++++++++++++++++							\r\n					\r\n					','tl','produce','2015-02-25 17:38:14','1111111111111111111111	\r\naaaaaaaaaaaaaacccccccccccc	\r\nproduce	produceproduceproduceproduceproduce	\r\noooooooooo\r\n			\r\nbbbb		\r\n					\r\n+++++++++++++++++							\r\n					\r\n					',6),(69,11,'1',7,'#################### dfs config ###############################\r\nupload.test.tmp.path=e:/\r\n\r\ndfs.tracker.server1.host=172.16.1.155:22122\r\ndfs.tracker.server2.host=172.16.1.156:22122\r\ndfs.group1.name=group1\r\ndfs.group2.name=group2\r\n\r\ndfs.group1.host=img01.elsa.local\r\ndfs.group2.host=img02.elsa.local\r\n\r\ndfs.upload.tmp.path=E://upload\r\n####################dfs config end#############################\r\n\r\n\r\n################### mq config #################################\r\nmq.hosts=172.16.100.43:5672,172.16.100.44:5672\r\nmq.username=elsa\r\nmq.password=123456\r\nmq.productConnectionCount=4\r\nmq.productThreadCount=10\r\nmq.consumerConnectionCount=2\r\nmq.consumerThreadCount=4\r\n################### mq config end ##############################\r\n\r\n################### redis cache config #########################\r\n#### 81 82 port is cache,79 80 port is db ######################\r\nredis.cache1.host=172.16.1.65\r\nredis.cache1.port=6381\r\nredis.cache1.timeout=2000\r\nredis.cache1.weight=1\r\n\r\nredis.cache2.host=172.16.1.65\r\nredis.cache2.port=6382\r\nredis.cache2.timeout=2000\r\nredis.cache2.weight=1\r\n################### redis cache config end########################\r\n\r\n################### redis db config ##############################\r\nredis.db1.host=172.16.1.65\r\nredis.db1.port=6379\r\nredis.db1.timeout=2000\r\nredis.db1.password=redis\r\n\r\nredis.db2.host=172.16.1.65\r\nredis.db2.port=6380\r\nredis.db2.timeout=2000\r\nredis.db2.password=redis\r\n###ddddd\r\n################### redis db config end ############################\r\n\r\n					\r\n					before status=>1','opm','produce','2015-02-25 17:41:02','#################### dfs config ###############################\r\nupload.test.tmp.path=e:/\r\n\r\ndfs.tracker.server1.host=172.16.1.155:22122\r\ndfs.tracker.server2.host=172.16.1.156:22122\r\ndfs.group1.name=group1\r\ndfs.group2.name=group2\r\n\r\ndfs.group1.host=img01.elsa.local\r\ndfs.group2.host=img02.elsa.local\r\n\r\ndfs.upload.tmp.path=E://upload\r\n####################dfs config end#############################\r\n\r\n\r\n################### mq config #################################\r\nmq.hosts=172.16.100.43:5672,172.16.100.44:5672\r\nmq.username=elsa\r\nmq.password=123456\r\nmq.productConnectionCount=4\r\nmq.productThreadCount=10\r\nmq.consumerConnectionCount=2\r\nmq.consumerThreadCount=4\r\n################### mq config end ##############################\r\n\r\n################### redis cache config #########################\r\n#### 81 82 port is cache,79 80 port is db ######################\r\nredis.cache1.host=172.16.1.65\r\nredis.cache1.port=6381\r\nredis.cache1.timeout=2000\r\nredis.cache1.weight=1\r\n\r\nredis.cache2.host=172.16.1.65\r\nredis.cache2.port=6382\r\nredis.cache2.timeout=2000\r\nredis.cache2.weight=1\r\n################### redis cache config end########################\r\n\r\n################### redis db config ##############################\r\nredis.db1.host=172.16.1.65\r\nredis.db1.port=6379\r\nredis.db1.timeout=2000\r\nredis.db1.password=redis\r\n\r\nredis.db2.host=172.16.1.65\r\nredis.db2.port=6380\r\nredis.db2.timeout=2000\r\nredis.db2.password=redis\r\n###ddddd\r\n################### redis db config end ############################after status=>2',6),(70,21,'1',7,'1111111111111111111111111ccccccc\r\naaaaaaaaa		\r\nbbbbbbbbb	\r\nstagingstagingstaging	\r\naaaaaaa			\r\naaaaa\r\n\r\n===========			\r\nssss					\r\n					\r\n					\r\n					','opm','produce','2015-02-25 17:45:47','###########after change#############\r\n#################### dfs config ###############################\r\nupload.test.tmp.path=e:/\r\n\r\ndfs.tracker.server1.host=172.16.1.155:22122\r\ndfs.tracker.server2.host=172.16.1.156:22122\r\ndfs.group1.name=group1\r\ndfs.group2.name=group2\r\n\r\ndfs.group1.host=img01.elsa.local\r\ndfs.group2.host=img02.elsa.local\r\n\r\ndfs.upload.tmp.path=E://upload\r\n####################dfs config end#############################\r\n\r\n\r\n################### mq config #################################\r\nmq.hosts=172.16.100.43:5672,172.16.100.44:5672\r\nmq.username=elsa\r\nmq.password=123456\r\nmq.productConnectionCount=4\r\nmq.productThreadCount=10\r\nmq.consumerConnectionCount=2\r\nmq.consumerThreadCount=4\r\n################### mq config end ##############################\r\n\r\n################### redis cache config #########################\r\n#### 81 82 port is cache,79 80 port is db ######################\r\nredis.cache1.host=172.16.1.65\r\nredis.cache1.port=6381\r\nredis.cache1.timeout=2000\r\nredis.cache1.weight=1\r\n\r\nredis.cache2.host=172.16.1.65\r\nredis.cache2.port=6382\r\nredis.cache2.timeout=2000\r\nredis.cache2.weight=1\r\n################### redis cache config end########################\r\n\r\n################### redis db config ##############################\r\nredis.db1.host=172.16.1.65\r\nredis.db1.port=6379\r\nredis.db1.timeout=2000\r\nredis.db1.password=redis\r\n\r\nredis.db2.host=172.16.1.65\r\nredis.db2.port=6380\r\nredis.db2.timeout=2000\r\nredis.db2.password=redis\r\n###ddddd\r\n################### redis db config end ############################',6),(71,21,'1',7,'#################### dfs config ###############################\r\nupload.test.tmp.path=e:/\r\n\r\ndfs.tracker.server1.host=172.16.1.155:22122\r\ndfs.tracker.server2.host=172.16.1.156:22122\r\ndfs.group1.name=group1\r\ndfs.group2.name=group2\r\n\r\ndfs.group1.host=img01.elsa.local\r\ndfs.group2.host=img02.elsa.local\r\n\r\ndfs.upload.tmp.path=E://upload\r\n####################dfs config end#############################\r\n\r\n\r\n################### mq config #################################\r\nmq.hosts=172.16.100.43:5672,172.16.100.44:5672\r\nmq.username=elsa\r\nmq.password=123456\r\nmq.productConnectionCount=4\r\nmq.productThreadCount=10\r\nmq.consumerConnectionCount=2\r\nmq.consumerThreadCount=4\r\n################### mq config end ##############################\r\n\r\n################### redis cache config #########################\r\n#### 81 82 port is cache,79 80 port is db ######################\r\nredis.cache1.host=172.16.1.65\r\nredis.cache1.port=6381\r\nredis.cache1.timeout=2000\r\nredis.cache1.weight=1\r\n\r\nredis.cache2.host=172.16.1.65\r\nredis.cache2.port=6382\r\nredis.cache2.timeout=2000\r\nredis.cache2.weight=1\r\n################### redis cache config end########################\r\n\r\n################### redis db config ##############################\r\nredis.db1.host=172.16.1.65\r\nredis.db1.port=6379\r\nredis.db1.timeout=2000\r\nredis.db1.password=redis\r\n\r\nredis.db2.host=172.16.1.65\r\nredis.db2.port=6380\r\nredis.db2.timeout=2000\r\nredis.db2.password=redis\r\n###ddddd\r\n################### redis db config end ############################','opm','produce','2015-02-25 17:46:31','###########after change#############\r\n#################### dfs config ###############################\r\nupload.test.tmp.path=e:/\r\n\r\ndfs.tracker.server1.host=172.16.1.155:22122\r\ndfs.tracker.server2.host=172.16.1.156:22122\r\ndfs.group1.name=group1\r\ndfs.group2.name=group2\r\n\r\ndfs.group1.host=img01.elsa.local\r\ndfs.group2.host=img02.elsa.local\r\n\r\ndfs.upload.tmp.path=E://upload\r\n####################dfs config end#############################\r\n\r\n\r\n################### mq config #################################\r\nmq.hosts=172.16.100.43:5672,172.16.100.44:5672\r\nmq.username=elsa\r\nmq.password=123456\r\nmq.productConnectionCount=4\r\nmq.productThreadCount=10\r\nmq.consumerConnectionCount=2\r\nmq.consumerThreadCount=4\r\n################### mq config end ##############################\r\n\r\n################### redis cache config #########################\r\n#### 81 82 port is cache,79 80 port is db ######################\r\nredis.cache1.host=172.16.1.65\r\nredis.cache1.port=6381\r\nredis.cache1.timeout=2000\r\nredis.cache1.weight=1\r\n\r\nredis.cache2.host=172.16.1.65\r\nredis.cache2.port=6382\r\nredis.cache2.timeout=2000\r\nredis.cache2.weight=1\r\n################### redis cache config end########################\r\n\r\n################### redis db config ##############################\r\nredis.db1.host=172.16.1.65\r\nredis.db1.port=6379\r\nredis.db1.timeout=2000\r\nredis.db1.password=redis\r\n\r\nredis.db2.host=172.16.1.65\r\nredis.db2.port=6380\r\nredis.db2.timeout=2000\r\nredis.db2.password=redis\r\n###ddddd\r\n################### redis db config end ############################\r\n###SSSSSSSSSSSSSS',6),(72,21,'1',7,'#################### dfs config ###############################\r\nupload.test.tmp.path=e:/\r\n\r\ndfs.tracker.server1.host=172.16.1.155:22122\r\ndfs.tracker.server2.host=172.16.1.156:22122\r\ndfs.group1.name=group1\r\ndfs.group2.name=group2\r\n\r\ndfs.group1.host=img01.elsa.local\r\ndfs.group2.host=img02.elsa.local\r\n\r\ndfs.upload.tmp.path=E://upload\r\n####################dfs config end#############################\r\n\r\n\r\n################### mq config #################################\r\nmq.hosts=172.16.100.43:5672,172.16.100.44:5672\r\nmq.username=elsa\r\nmq.password=123456\r\nmq.productConnectionCount=4\r\nmq.productThreadCount=10\r\nmq.consumerConnectionCount=2\r\nmq.consumerThreadCount=4\r\n################### mq config end ##############################\r\n\r\n################### redis cache config #########################\r\n#### 81 82 port is cache,79 80 port is db ######################\r\nredis.cache1.host=172.16.1.65\r\nredis.cache1.port=6381\r\nredis.cache1.timeout=2000\r\nredis.cache1.weight=1\r\n\r\nredis.cache2.host=172.16.1.65\r\nredis.cache2.port=6382\r\nredis.cache2.timeout=2000\r\nredis.cache2.weight=1\r\n################### redis cache config end########################\r\n\r\n################### redis db config ##############################\r\nredis.db1.host=172.16.1.65\r\nredis.db1.port=6379\r\nredis.db1.timeout=2000\r\nredis.db1.password=redis\r\n\r\nredis.db2.host=172.16.1.65\r\nredis.db2.port=6380\r\nredis.db2.timeout=2000\r\nredis.db2.password=redis\r\n###ddddd\r\n################### redis db config end ############################\r\n###SSSSSSSSSSSSSS','opm','produce','2015-02-25 17:49:42','###########after change#############\r\n#################### dfs config ###############################\r\nupload.test.tmp.path=e:/\r\n\r\ndfs.tracker.server1.host=172.16.1.155:22122\r\ndfs.tracker.server2.host=172.16.1.156:22122\r\ndfs.group1.name=group1\r\ndfs.group2.name=group2\r\n\r\ndfs.group1.host=img01.elsa.local\r\ndfs.group2.host=img02.elsa.local\r\n\r\ndfs.upload.tmp.path=E://upload\r\n####################dfs config end#############################\r\n\r\n\r\n################### mq config #################################\r\nmq.hosts=172.16.100.43:5672,172.16.100.44:5672\r\nmq.username=elsa\r\nmq.password=123456\r\nmq.productConnectionCount=4\r\nmq.productThreadCount=10\r\nmq.consumerConnectionCount=2\r\nmq.consumerThreadCount=4\r\n################### mq config end ##############################\r\n\r\n################### redis cache config #########################\r\n#### 81 82 port is cache,79 80 port is db ######################\r\nredis.cache1.host=172.16.1.65\r\nredis.cache1.port=6381\r\nredis.cache1.timeout=2000\r\nredis.cache1.weight=1\r\n\r\nredis.cache2.host=172.16.1.65\r\nredis.cache2.port=6382\r\nredis.cache2.timeout=2000\r\nredis.cache2.weight=1\r\n################### redis cache config end########################\r\n\r\n################### redis db config ##############################\r\nredis.db1.host=172.16.1.65\r\nredis.db1.port=6379\r\nredis.db1.timeout=2000\r\nredis.db1.password=redis\r\n\r\nredis.db2.host=172.16.1.65\r\nredis.db2.port=6380\r\nredis.db2.timeout=2000\r\nredis.db2.password=redis\r\n###ddddd\r\n################### redis db config end ############################\r\n###SSSSSSSSSSSSSS\r\n#@@@@@@@@@',6),(73,20,'0',7,'1111111111111111111111	\r\naaaaaaaaaaaaaacccccccccccc	\r\nproduce	produceproduceproduceproduceproduce	\r\noooooooooo\r\n			\r\nbbbb		\r\n					\r\n++++++++ssss+++++++++							\r\n					\r\n					\r\n					','tl','staging','2015-02-26 11:26:15','1111111111111111111111	\r\naaaaaaaaaaaaaacccccccccccc	\r\nproduce	produceproduceproduceproduceproduce	\r\noooooooooo\r\n			\r\nbbbb		\r\n					\r\n++++++++ssss+++++++++							\r\n					\r\n					\r\n					',6),(74,20,'1',7,'1111111111111111111111	\r\naaaaaaaaaaaaaacccccccccccc	\r\nproduce	produceproduceproduceproduceproduce	\r\noooooooooo\r\n			\r\nbbbb		\r\n					\r\n++++++++ssss+++++++++							\r\n					\r\n					\r\n					before status=>0','opm','staging','2015-02-26 11:28:40','1111111111111111111111	\r\naaaaaaaaaaaaaacccccccccccc	\r\nproduce	produceproduceproduceproduceproduce	\r\noooooooooo\r\n			\r\nbbbb		\r\n					\r\n++++++++ssss+++++++++after status=>2',6),(75,26,'0',7,NULL,'tl','staging','2015-02-26 11:30:13','##staging',6),(76,27,'0',7,NULL,'tl','produce','2015-02-26 11:30:13','##produce',6),(77,26,'1',7,'##stagingbefore status=>0','opm','staging','2015-02-26 11:31:26','##stagingafter status=>2',6),(78,27,'0',7,'##produce\r\n					','tl','produce','2015-02-26 11:31:42','##produce\r\n					',6),(79,27,'0',7,'##produce33333\r\n					\r\n					','tl','produce','2015-02-26 11:35:09','##produce33333\r\n					\r\n					',6),(80,27,'0',7,'##produce33333\r\n					\r\n					\r\n					','tl','produce','2015-02-26 11:48:11','##produce33333\r\n					\r\n					\r\n					',6),(81,27,'0',7,'##produce33333\r\n					','tl','produce','2015-02-26 11:48:22','##produce33333\r\n					',6),(82,27,'0',7,'##produce33333\r\nææ¯ä¸­å½äºº\r\n					\r\n					','tl','produce','2015-02-26 15:44:00','##produce33333\r\nææ¯ä¸­å½äºº\r\n					\r\n					',6),(83,27,'0',7,'##produce33333\r\n大家好\r\n					\r\n					\r\n					','tl','produce','2015-02-26 15:49:29','##produce33333\r\n大家好\r\n					\r\n					\r\n					',6),(84,17,'1',7,'aaaa	\r\naaa\r\nzzzzzzzzzzzzzzzzzzzzzzz\r\nccccccc\r\ndddddd\r\neeeee','opm','produce','2015-03-05 16:28:01','###########after change#############\r\naaaa	\r\naaa\r\n333333',11),(85,17,'1',7,'aaaa	\r\naaa\r\n333333','opm','produce','2015-03-05 16:37:09','###########after change#############\r\naaaa	\r\naaa\r\n333333\r\nwwww',11),(86,14,'1',7,'a=b\r\nc=d\r\ne=f		\r\n					\r\n	dddaadddddddd				\r\n					\r\n					\r\n					\r\n					\r\n					\r\n					','opm','staging','2015-03-05 16:44:40','###########after change#############\r\na=b\r\nc=d\r\ne=f		\r\naaaaa				\r\ndddaadddddddd',8),(87,10,'1',7,'					\r\n					\r\n					\r\n					\r\n					\r\n					\r\n					','opm','staging','2015-03-05 16:46:26','###########after change#############\r\naaaaaaa',6),(88,10,'1',7,'aaaaaaa','opm','staging','2015-03-05 16:46:39','###########after change#############\r\naaaaaaa\r\nbbbbbbbb',6),(89,18,'1',7,'aaaaa			\r\ndddd	\r\ncccc\r\nddd\r\neee\r\naaaa','opm','staging','2015-03-05 16:47:47','aaaaa			\r\ndddd	\r\ncccc\r\nddd\r\neee\r\naaaa\r\n###########after change#############\r\nzzzzzzzzzzzzzzzzzzzz					\r\naaaa',11),(90,21,'1',7,'#################### dfs config ###############################\r\nupload.test.tmp.path=e:/\r\n\r\ndfs.tracker.server1.host=172.16.1.155:22122\r\ndfs.tracker.server2.host=172.16.1.156:22122\r\ndfs.group1.name=group1\r\ndfs.group2.name=group2\r\n\r\ndfs.group1.host=img01.elsa.local\r\ndfs.group2.host=img02.elsa.local\r\n\r\ndfs.upload.tmp.path=E://upload\r\n####################dfs config end#############################\r\n\r\n\r\n################### mq config #################################\r\nmq.hosts=172.16.100.43:5672,172.16.100.44:5672\r\nmq.username=elsa\r\nmq.password=123456\r\nmq.productConnectionCount=4\r\nmq.productThreadCount=10\r\nmq.consumerConnectionCount=2\r\nmq.consumerThreadCount=4\r\n################### mq config end ##############################\r\n\r\n################### redis cache config #########################\r\n#### 81 82 port is cache,79 80 port is db ######################\r\nredis.cache1.host=172.16.1.65\r\nredis.cache1.port=6381\r\nredis.cache1.timeout=2000\r\nredis.cache1.weight=1\r\n\r\nredis.cache2.host=172.16.1.65\r\nredis.cache2.port=6382\r\nredis.cache2.timeout=2000\r\nredis.cache2.weight=1\r\n################### redis cache config end########################\r\n\r\n################### redis db config ##############################\r\nredis.db1.host=172.16.1.65\r\nredis.db1.port=6379\r\nredis.db1.timeout=2000\r\nredis.db1.password=redis\r\n\r\nredis.db2.host=172.16.1.65\r\nredis.db2.port=6380\r\nredis.db2.timeout=2000\r\nredis.db2.password=redis\r\n###ddddd\r\n################### redis db config end ############################\r\n###SSSSSSSSSSSSSS\r\n#@@@@@@@@@','opm','produce','2015-03-05 17:01:57','###########after change#############\r\n#################### dfs config ###############################\r\nupload.test.tmp.path=e:/\r\n\r\ndfs.tracker.server1.host=172.16.1.155:22122\r\ndfs.tracker.server2.host=172.16.1.156:22122\r\ndfs.group1.name=group1\r\ndfs.group2.name=group2\r\n\r\ndfs.group1.host=img01.elsa.local\r\ndfs.group2.host=img02.elsa.local\r\n\r\ndfs.upload.tmp.path=E://upload\r\n####################dfs config end#############################\r\n\r\n\r\n################### mq config #################################\r\nmq.hosts=172.16.100.43:5672,172.16.100.44:5672\r\nmq.username=elsa\r\nmq.password=123456\r\nmq.productConnectionCount=4\r\nmq.productThreadCount=10\r\nmq.consumerConnectionCount=2\r\nmq.consumerThreadCount=4\r\n################### mq config end ##############################\r\n\r\n################### redis cache config #########################\r\n#### 81 82 port is cache,79 80 port is db ######################\r\nredis.cache1.host=172.16.1.65\r\nredis.cache1.port=6381\r\nredis.cache1.timeout=2000\r\nredis.cache1.weight=1\r\n\r\nredis.cache2.host=172.16.1.65\r\nredis.cache2.port=6382\r\nredis.cache2.timeout=2000\r\nredis.cache2.weight=1\r\n################### redis cache config end########################\r\n\r\n################### redis db config ##############################\r\nredis.db1.host=172.16.1.65\r\nredis.db1.port=6379\r\nredis.db1.timeout=2000\r\nredis.db1.password=redis\r\n\r\nredis.db2.host=172.16.1.65\r\nredis.db2.port=6380\r\nredis.db2.timeout=2000\r\nredis.db2.password=redis\r\n###ddddd\r\n################### redis db config end ############################\r\n###SSSSSSSSSSSSSS\r\n#@@@@@@@@@\r\n##000000',6),(91,15,'1',7,'a=b\r\nc=d				\r\n					\r\n	ddddd				\r\n	aaa				\r\n					\r\n					\r\n					','opm','produce','2015-03-05 17:02:32','###########after change#############\r\na=b\r\nc=d				\r\n					\r\n	ddddd				\r\n	aaa				\r\n#######',8),(92,28,'0',13,NULL,'tl','staging','2015-03-06 17:53:15','dddd',14),(93,29,'0',13,NULL,'tl','produce','2015-03-06 17:53:15','dddd',14),(94,15,'1',7,'a=b\r\nc=d				\r\n					\r\n	ddddd				\r\n	aaa				\r\n#######','opm','produce','2015-03-18 19:52:04','###########after change#############\r\na=b\r\nc=d				\r\n					\r\n######DDDDD			\r\n#######',8),(95,15,'1',7,'a=b\r\nc=d				\r\n					\r\n######DDDDD			\r\n#######','opm','produce','2015-03-18 19:54:08','###########after change#############\r\na=b\r\nc=d				\r\n#########				\r\n######DDDDD			\r\n#######\r\n#############',8),(96,21,'1',7,'#################### dfs config ###############################\r\nupload.test.tmp.path=e:/\r\n\r\ndfs.tracker.server1.host=172.16.1.155:22122\r\ndfs.tracker.server2.host=172.16.1.156:22122\r\ndfs.group1.name=group1\r\ndfs.group2.name=group2\r\n\r\ndfs.group1.host=img01.elsa.local\r\ndfs.group2.host=img02.elsa.local\r\n\r\ndfs.upload.tmp.path=E://upload\r\n####################dfs config end#############################\r\n\r\n\r\n################### mq config #################################\r\nmq.hosts=172.16.100.43:5672,172.16.100.44:5672\r\nmq.username=elsa\r\nmq.password=123456\r\nmq.productConnectionCount=4\r\nmq.productThreadCount=10\r\nmq.consumerConnectionCount=2\r\nmq.consumerThreadCount=4\r\n################### mq config end ##############################\r\n\r\n################### redis cache config #########################\r\n#### 81 82 port is cache,79 80 port is db ######################\r\nredis.cache1.host=172.16.1.65\r\nredis.cache1.port=6381\r\nredis.cache1.timeout=2000\r\nredis.cache1.weight=1\r\n\r\nredis.cache2.host=172.16.1.65\r\nredis.cache2.port=6382\r\nredis.cache2.timeout=2000\r\nredis.cache2.weight=1\r\n################### redis cache config end########################\r\n\r\n################### redis db config ##############################\r\nredis.db1.host=172.16.1.65\r\nredis.db1.port=6379\r\nredis.db1.timeout=2000\r\nredis.db1.password=redis\r\n\r\nredis.db2.host=172.16.1.65\r\nredis.db2.port=6380\r\nredis.db2.timeout=2000\r\nredis.db2.password=redis\r\n###ddddd\r\n################### redis db config end ############################\r\n###SSSSSSSSSSSSSS\r\n#@@@@@@@@@\r\n##000000','opm','produce','2015-04-02 10:55:48','###########after change#############\r\n#################### dfs config ###############################\r\nupload.test.tmp.path=e:/\r\n\r\ndfs.tracker.server1.host=172.16.1.155:22122\r\ndfs.tracker.server2.host=172.16.1.156:22122\r\ndfs.group1.name=group1\r\ndfs.group2.name=group2\r\n\r\ndfs.group1.host=img01.elsa.local\r\ndfs.group2.host=img02.elsa.local\r\n\r\ndfs.upload.tmp.path=E://upload\r\n####################dfs config end#############################\r\n\r\n\r\n################### mq config #################################\r\nmq.hosts=172.16.100.43:5672,172.16.100.44:5672\r\nmq.username=elsa\r\nmq.password=123456\r\nmq.productConnectionCount=4\r\nmq.productThreadCount=10\r\nmq.consumerConnectionCount=2\r\nmq.consumerThreadCount=4\r\n################### mq config end ##############################\r\n\r\n################### redis cache config #########################\r\n#### 81 82 port is cache,79 80 port is db ######################\r\nredis.cache1.host=172.16.1.65\r\nredis.cache1.port=6381\r\nredis.cache1.timeout=2000\r\nredis.cache1.weight=1\r\n\r\nredis.cache2.host=172.16.1.65\r\nredis.cache2.port=6382\r\nredis.cache2.timeout=2000\r\nredis.cache2.weight=1\r\n################### redis cache config end########################\r\n\r\n################### redis db config ##############################\r\nredis.db1.host=172.16.1.65\r\nredis.db1.port=6379\r\nredis.db1.timeout=2000\r\nredis.db1.password=redis\r\n\r\nredis.db2.host=172.16.1.65\r\nredis.db2.port=6380\r\nredis.db2.timeout=2000\r\nredis.db2.password=redis\r\n###ddddd\r\n################### redis db config end 0000############################\r\n###SSSSSSSSSSSSSS\r\n#@@@@@@@@@\r\n##000000',6),(97,21,'1',7,'#################### dfs config ###############################\r\nupload.test.tmp.path=e:/\r\n\r\ndfs.tracker.server1.host=172.16.1.155:22122\r\ndfs.tracker.server2.host=172.16.1.156:22122\r\ndfs.group1.name=group1\r\ndfs.group2.name=group2\r\n\r\ndfs.group1.host=img01.elsa.local\r\ndfs.group2.host=img02.elsa.local\r\n\r\ndfs.upload.tmp.path=E://upload\r\n####################dfs config end#############################\r\n\r\n\r\n################### mq config #################################\r\nmq.hosts=172.16.100.43:5672,172.16.100.44:5672\r\nmq.username=elsa\r\nmq.password=123456\r\nmq.productConnectionCount=4\r\nmq.productThreadCount=10\r\nmq.consumerConnectionCount=2\r\nmq.consumerThreadCount=4\r\n################### mq config end ##############################\r\n\r\n################### redis cache config #########################\r\n#### 81 82 port is cache,79 80 port is db ######################\r\nredis.cache1.host=172.16.1.65\r\nredis.cache1.port=6381\r\nredis.cache1.timeout=2000\r\nredis.cache1.weight=1\r\n\r\nredis.cache2.host=172.16.1.65\r\nredis.cache2.port=6382\r\nredis.cache2.timeout=2000\r\nredis.cache2.weight=1\r\n################### redis cache config end########################\r\n\r\n################### redis db config ##############################\r\nredis.db1.host=172.16.1.65\r\nredis.db1.port=6379\r\nredis.db1.timeout=2000\r\nredis.db1.password=redis\r\n\r\nredis.db2.host=172.16.1.65\r\nredis.db2.port=6380\r\nredis.db2.timeout=2000\r\nredis.db2.password=redis\r\n###ddddd\r\n################### redis db config end 0000############################\r\n###SSSSSSSSSSSSSS\r\n#@@@@@@@@@\r\n##000000','opm','produce','2015-04-02 10:57:18','###########after change#############\r\n#################### dfs config ###############################\r\nupload.test.tmp.path=e:/\r\n\r\ndfs.tracker.server1.host=172.16.1.155:22122\r\ndfs.tracker.server2.host=172.16.1.156:22122\r\ndfs.group1.name=group1\r\ndfs.group2.name=group2\r\n\r\ndfs.group1.host=img01.elsa.local\r\ndfs.group2.host=img02.elsa.local\r\n\r\ndfs.upload.tmp.path=E://upload\r\n####################dfs config end#############################\r\n\r\n\r\n################### mq config #################################\r\nmq.hosts=172.16.100.43:5672,172.16.100.44:5672\r\nmq.username=elsa\r\nmq.password=123456\r\nmq.productConnectionCount=4\r\nmq.productThreadCount=10\r\nmq.consumerConnectionCount=2\r\nmq.consumerThreadCount=4\r\n################### mq config end ##############################\r\n\r\n################### redis cache config #########################\r\n#### 81 82 port is cache,79 80 port is db ######################\r\nredis.cache1.host=172.16.1.65\r\nredis.cache1.port=6381\r\nredis.cache1.timeout=2000\r\nredis.cache1.weight=1\r\n\r\nredis.cache2.host=172.16.1.65\r\nredis.cache2.port=6382\r\nredis.cache2.timeout=2000\r\nredis.cache2.weight=1\r\n################### redis cache config end########################\r\n\r\n################### redis db config ##############################\r\nredis.db1.host=172.16.1.65\r\nredis.db1.port=6379\r\nredis.db1.timeout=2000\r\nredis.db1.password=redis\r\n\r\nredis.db2.host=172.16.1.65\r\nredis.db2.port=6380\r\nredis.db2.timeout=2000\r\nredis.db2.password=redis\r\n###ddddd\r\n################### redis db config end 0000############################\r\n###SSSSSSSSSSSSSS\r\n\r\n##000000',6),(98,16,'1',7,'aaaaa			\r\ndddd	\r\ncccc\r\nddd\r\neee\r\naaaa\r\nzzzzzzzzzzzzzzzzzzzz					\r\naaaa','opm','staging','2016-02-02 11:35:57','###########after change#############\r\naaaaa			\r\ndddd	\r\ncccc\r\nddd\r\neee\r\naaaa',11),(99,30,'0',14,NULL,'tl','staging','2016-03-08 15:30:26','dddddddddd',17),(100,31,'0',14,NULL,'tl','produce','2016-03-08 15:30:26','ddddddddddd',17);
/*!40000 ALTER TABLE `cf_oprater_log` ENABLE KEYS */;
UNLOCK TABLES;

--
-- Table structure for table `cf_prop_conf`
--

DROP TABLE IF EXISTS `cf_prop_conf`;
/*!40101 SET @saved_cs_client     = @@character_set_client */;
/*!40101 SET character_set_client = utf8 */;
CREATE TABLE `cf_prop_conf` (
  `id` int(10) NOT NULL AUTO_INCREMENT,
  `app_file_id` int(11) DEFAULT NULL COMMENT 'app中的文件名',
  `app_id` int(11) DEFAULT NULL COMMENT '应用ID',
  `actual_use` int(11) DEFAULT '0' COMMENT '实际使用，1：可使用;2:使用中',
  `content` longtext COMMENT '应用配置项内容',
  `status` int(11) DEFAULT NULL COMMENT '申请状态：0：申请中;1: 审核通过;2:审核不通过',
  `environment` varchar(50) DEFAULT NULL COMMENT '系统 运行 环境 test  | staging | produce',
  `user_id` int(11) DEFAULT NULL COMMENT '创建人ID',
  `create_time` datetime DEFAULT NULL COMMENT '创建时间',
  `modify_time` datetime DEFAULT NULL COMMENT '修改时间',
  `item_modify_time` datetime DEFAULT NULL COMMENT '有配置项更新的时间',
  PRIMARY KEY (`id`),
  UNIQUE KEY `id_UNIQUE` (`id`),
  KEY `app_id_and_app_file_id_index` (`app_id`,`app_file_id`)
) ENGINE=InnoDB AUTO_INCREMENT=32 DEFAULT CHARSET=utf8 COMMENT='应用配置项';
/*!40101 SET character_set_client = @saved_cs_client */;

--
-- Dumping data for table `cf_prop_conf`
--

LOCK TABLES `cf_prop_conf` WRITE;
/*!40000 ALTER TABLE `cf_prop_conf` DISABLE KEYS */;
INSERT INTO `cf_prop_conf` VALUES (10,6,7,NULL,'aaaaaaa\r\nbbbbbbbb',1,'staging',1,'2015-02-02 19:33:59','2015-03-05 16:46:39',NULL),(11,6,7,NULL,'#################### dfs config ###############################\r\nupload.test.tmp.path=e:/\r\n\r\ndfs.tracker.server1.host=172.16.1.155:22122\r\ndfs.tracker.server2.host=172.16.1.156:22122\r\ndfs.group1.name=group1\r\ndfs.group2.name=group2\r\n\r\ndfs.group1.host=img01.elsa.local\r\ndfs.group2.host=img02.elsa.local\r\n\r\ndfs.upload.tmp.path=E://upload\r\n####################dfs config end#############################\r\n\r\n\r\n################### mq config #################################\r\nmq.hosts=172.16.100.43:5672,172.16.100.44:5672\r\nmq.username=elsa\r\nmq.password=123456\r\nmq.productConnectionCount=4\r\nmq.productThreadCount=10\r\nmq.consumerConnectionCount=2\r\nmq.consumerThreadCount=4\r\n################### mq config end ##############################\r\n\r\n################### redis cache config #########################\r\n#### 81 82 port is cache,79 80 port is db ######################\r\nredis.cache1.host=172.16.1.65\r\nredis.cache1.port=6381\r\nredis.cache1.timeout=2000\r\nredis.cache1.weight=1\r\n\r\nredis.cache2.host=172.16.1.65\r\nredis.cache2.port=6382\r\nredis.cache2.timeout=2000\r\nredis.cache2.weight=1\r\n################### redis cache config end########################\r\n\r\n################### redis db config ##############################\r\nredis.db1.host=172.16.1.65\r\nredis.db1.port=6379\r\nredis.db1.timeout=2000\r\nredis.db1.password=redis\r\n\r\nredis.db2.host=172.16.1.65\r\nredis.db2.port=6380\r\nredis.db2.timeout=2000\r\nredis.db2.password=redis\r\n###ddddd\r\n################### redis db config end ############################\r\n\r\n					\r\n					',1,'produce',1,'2015-02-02 19:33:59','2015-02-25 17:41:02',NULL),(14,8,7,NULL,'a=b\r\nc=d\r\ne=f		\r\naaaaa				\r\ndddaadddddddd',1,'staging',2,'2015-02-03 18:11:26','2015-03-05 16:44:40',NULL),(15,8,7,NULL,'a=b\r\nc=d				\r\n#########				\r\n######DDDDD			\r\n#######\r\n#############',1,'produce',2,'2015-02-03 18:11:26','2015-03-18 19:54:08',NULL),(16,11,7,NULL,'aaaaa			\r\ndddd	\r\ncccc\r\nddd\r\neee\r\naaaa',1,'staging',2,'2015-02-08 19:06:05','2016-02-02 11:35:57',NULL),(17,11,7,NULL,'aaaa	\r\naaa\r\n333333\r\nwwww',1,'produce',2,'2015-02-08 19:06:05','2015-03-05 16:37:09',NULL),(18,11,7,NULL,'aaaaa			\r\ndddd	\r\ncccc\r\nddd\r\neee\r\naaaa\r\nzzzzzzzzzzzzzzzzzzzz					\r\naaaa',1,'staging',2,'2015-02-09 21:53:57','2015-03-05 16:47:47',NULL),(19,11,7,NULL,'aaaa	\r\naaa\r\nzzzzzzzzzzzzzzzzzzzzzzz\r\nccccccc\r\ndddddd\r\neeeee',1,'produce',2,'2015-02-09 21:53:57','2015-02-10 14:46:02',NULL),(20,6,7,NULL,'1111111111111111111111	\r\naaaaaaaaaaaaaacccccccccccc	\r\nproduce	produceproduceproduceproduceproduce	\r\noooooooooo\r\n			\r\nbbbb		\r\n					\r\n++++++++ssss+++++++++							\r\n					\r\n					\r\n					',2,'staging',2,'2015-02-10 18:19:11','2015-02-26 11:28:40',NULL),(21,6,7,NULL,'#################### dfs config ###############################\r\nupload.test.tmp.path=e:/\r\n\r\ndfs.tracker.server1.host=172.16.1.155:22122\r\ndfs.tracker.server2.host=172.16.1.156:22122\r\ndfs.group1.name=group1\r\ndfs.group2.name=group2\r\n\r\ndfs.group1.host=img01.elsa.local\r\ndfs.group2.host=img02.elsa.local\r\n\r\ndfs.upload.tmp.path=E://upload\r\n####################dfs config end#############################\r\n\r\n\r\n################### mq config #################################\r\nmq.hosts=172.16.100.43:5672,172.16.100.44:5672\r\nmq.username=elsa\r\nmq.password=123456\r\nmq.productConnectionCount=4\r\nmq.productThreadCount=10\r\nmq.consumerConnectionCount=2\r\nmq.consumerThreadCount=4\r\n################### mq config end ##############################\r\n\r\n################### redis cache config #########################\r\n#### 81 82 port is cache,79 80 port is db ######################\r\nredis.cache1.host=172.16.1.65\r\nredis.cache1.port=6381\r\nredis.cache1.timeout=2000\r\nredis.cache1.weight=1\r\n\r\nredis.cache2.host=172.16.1.65\r\nredis.cache2.port=6382\r\nredis.cache2.timeout=2000\r\nredis.cache2.weight=1\r\n################### redis cache config end########################\r\n\r\n################### redis db config ##############################\r\nredis.db1.host=172.16.1.65\r\nredis.db1.port=6379\r\nredis.db1.timeout=2000\r\nredis.db1.password=redis\r\n\r\nredis.db2.host=172.16.1.65\r\nredis.db2.port=6380\r\nredis.db2.timeout=2000\r\nredis.db2.password=redis\r\n###ddddd\r\n################### redis db config end 0000############################\r\n###SSSSSSSSSSSSSS\r\n\r\n##000000',1,'produce',2,'2015-02-10 18:19:11','2015-04-02 10:57:18',NULL),(22,13,7,NULL,'aaaaaaaa				',0,'staging',2,'2015-02-10 18:44:33','2015-02-10 18:44:33',NULL),(23,13,7,NULL,'aaaaaaqa	',0,'produce',2,'2015-02-10 18:44:33','2015-02-10 18:44:33',NULL),(24,10,8,NULL,'log4j.rootLogger = info, console, R\r\nlog4j.appender.console = org.apache.log4j.ConsoleAppender\r\nlog4j.appender.console.layout = org.apache.log4j.PatternLayout\r\nlog4j.appender.console.layout.ConversionPattern = %-d{yyyy-MM-dd HH:mm:ss}-[%p] SALESORDER_WEB [%c %L] %m%n\r\nlog4j.appender.R = org.apache.log4j.DailyRollingFileAppender\r\nlog4j.appender.R.File=/data/logs/salesorder-web/catalina.log\r\nlog4j.appender.R.MaxFileSize = 500KB\r\nlog4j.appender.R.MaxBackupIndex = 1\r\nlog4j.appender.R.layout = org.apache.log4j.PatternLayout\r\nlog4j.appender.R.layout.ConversionPattern=%-d{yyyy-MM-dd HH:mm:ss}-[%p] SALESORDER_WEB [%c %L] - %m%n\r\n\r\nlog4j.logger.com.elsa.salesorder=debug,console,R\r\nlog4j.additivity.com.elsa.salesorder=false\r\n					',0,'staging',2,'2015-02-25 17:37:44','2015-02-25 17:37:49',NULL),(25,10,8,NULL,'log4j.rootLogger = info, console, R\r\nlog4j.appender.console = org.apache.log4j.ConsoleAppender\r\nlog4j.appender.console.layout = org.apache.log4j.PatternLayout\r\nlog4j.appender.console.layout.ConversionPattern = %-d{yyyy-MM-dd HH:mm:ss}-[%p] SALESORDER_WEB [%c %L] %m%n\r\nlog4j.appender.R = org.apache.log4j.DailyRollingFileAppender\r\nlog4j.appender.R.File=/data/logs/salesorder-web/catalina.log\r\nlog4j.appender.R.MaxFileSize = 500KB\r\nlog4j.appender.R.MaxBackupIndex = 1\r\nlog4j.appender.R.layout = org.apache.log4j.PatternLayout\r\nlog4j.appender.R.layout.ConversionPattern=%-d{yyyy-MM-dd HH:mm:ss}-[%p] SALESORDER_WEB [%c %L] - %m%n\r\n\r\nlog4j.logger.com.elsa.salesorder=debug,console,R\r\nlog4j.additivity.com.elsa.salesorder=false\r\n					',0,'produce',2,'2015-02-25 17:37:44','2015-02-25 17:37:49',NULL),(26,6,7,NULL,'##staging',2,'staging',2,'2015-02-26 11:30:13','2015-02-26 11:31:26',NULL),(27,6,7,NULL,'##produce33333\r\n大家好\r\n					\r\n					\r\n					',0,'produce',2,'2015-02-26 11:30:13','2015-02-26 15:49:29',NULL),(28,14,13,NULL,'dddd',0,'staging',7,'2015-03-06 17:53:15','2015-03-06 17:53:15',NULL),(29,14,13,NULL,'dddd',0,'produce',7,'2015-03-06 17:53:15','2015-03-06 17:53:15',NULL),(30,17,14,NULL,'dddddddddd',2,'staging',2,'2016-03-08 15:30:26','2016-03-08 15:31:20',NULL),(31,17,14,NULL,'ddddddddddd',2,'produce',2,'2016-03-08 15:30:26','2016-03-08 15:31:20',NULL);
/*!40000 ALTER TABLE `cf_prop_conf` ENABLE KEYS */;
UNLOCK TABLES;

--
-- Table structure for table `cf_users`
--

DROP TABLE IF EXISTS `cf_users`;
/*!40101 SET @saved_cs_client     = @@character_set_client */;
/*!40101 SET character_set_client = utf8 */;
CREATE TABLE `cf_users` (
  `id` int(11) NOT NULL AUTO_INCREMENT COMMENT '主键',
  `username` varchar(45) DEFAULT NULL COMMENT '用户名',
  `password` varchar(80) DEFAULT NULL COMMENT '密码',
  `role` varchar(45) DEFAULT NULL COMMENT '角色： tl ：业务线 tl;  opm:运维 ;  admin：管理 员',
  `is_delete` tinyint(4) DEFAULT NULL,
  `app_ids` varchar(45) DEFAULT NULL COMMENT '可操作的应用IDS',
  `modify_time` datetime DEFAULT NULL COMMENT '修改时间',
  `create_time` datetime DEFAULT NULL COMMENT '创建时间',
  PRIMARY KEY (`id`),
  UNIQUE KEY `id_UNIQUE` (`id`),
  KEY `username_password_index` (`username`,`password`)
) ENGINE=InnoDB AUTO_INCREMENT=8 DEFAULT CHARSET=utf8 COMMENT='用户表';
/*!40101 SET character_set_client = @saved_cs_client */;

--
-- Dumping data for table `cf_users`
--

LOCK TABLES `cf_users` WRITE;
/*!40000 ALTER TABLE `cf_users` DISABLE KEYS */;
INSERT INTO `cf_users` VALUES (1,'admin','8cc4f5175431de46d0b9bd080e929edc','admin',0,'7,8,14','2016-03-08 15:38:16','2015-01-29 18:03:21'),(2,'tl','8cc4f5175431de46d0b9bd080e929edc','tl',0,'7,8,9','2016-03-08 15:38:20','2015-01-29 18:09:34'),(3,'opm','8cc4f5175431de46d0b9bd080e929edc','opm',0,'7,9','2015-01-29 18:10:43','2015-01-29 18:10:43'),(4,'1213456','347a821bbf5efbc46cc0e9bf68c5e29c','opm',0,'','2015-02-09 15:02:03','2015-02-09 15:02:03'),(5,'aaa','347a821bbf5efbc46cc0e9bf68c5e29c','opm',0,'','2015-02-09 18:14:45','2015-02-09 18:14:45'),(6,'guest','dd8635a27fa3d480168cff486533b698','admin',0,'','2015-02-09 18:14:45','2015-02-09 18:14:45'),(7,'longhaisheng','dd8635a27fa3d480168cff486533b698','tl',0,'7,8,9,10,11,12,13','2015-03-06 17:52:09','2015-03-06 17:52:09');
/*!40000 ALTER TABLE `cf_users` ENABLE KEYS */;
UNLOCK TABLES;

--
-- Table structure for table `city`
--

DROP TABLE IF EXISTS `city`;
/*!40101 SET @saved_cs_client     = @@character_set_client */;
/*!40101 SET character_set_client = utf8 */;
CREATE TABLE `city` (
  `id` int(11) NOT NULL,
  `name` varchar(100) DEFAULT NULL,
  `spelling` varchar(50) DEFAULT NULL,
  `parent_id` int(11) DEFAULT NULL,
  `is_delete` tinyint(4) DEFAULT NULL,
  `add_date` datetime DEFAULT NULL,
  `last_date` datetime DEFAULT NULL,
  `agency_id` int(11) DEFAULT NULL,
  `frist_word` varchar(5) DEFAULT NULL,
  `simple_spelling` varchar(60) DEFAULT NULL,
  `type` int(11) DEFAULT NULL,
  `citycol` varchar(45) DEFAULT NULL,
  `p1` float DEFAULT NULL,
  `p2` double DEFAULT NULL,
  `modify_time` datetime DEFAULT NULL,
  PRIMARY KEY (`id`)
) ENGINE=InnoDB DEFAULT CHARSET=utf8;
/*!40101 SET character_set_client = @saved_cs_client */;

--
-- Dumping data for table `city`
--

LOCK TABLES `city` WRITE;
/*!40000 ALTER TABLE `city` DISABLE KEYS */;
INSERT INTO `city` VALUES (1,'0','as',0,0,NULL,NULL,NULL,NULL,NULL,NULL,NULL,0,0,'2015-02-06 13:43:15');
/*!40000 ALTER TABLE `city` ENABLE KEYS */;
UNLOCK TABLES;

--
-- Table structure for table `job_operator_log`
--

DROP TABLE IF EXISTS `job_operator_log`;
/*!40101 SET @saved_cs_client     = @@character_set_client */;
/*!40101 SET character_set_client = utf8 */;
CREATE TABLE `job_operator_log` (
  `id` int(11) NOT NULL AUTO_INCREMENT,
  `operator` varchar(45) DEFAULT NULL COMMENT '操作人',
  `content` longtext COMMENT '操作内容',
  `type` varchar(45) DEFAULT NULL COMMENT '类型：pause resume cancle start dynamic',
  `create_time` datetime DEFAULT CURRENT_TIMESTAMP COMMENT '记录创建时间',
  `job_name` varchar(100) DEFAULT NULL,
  `job_group_name` varchar(100) DEFAULT NULL,
  PRIMARY KEY (`id`),
  UNIQUE KEY `id_UNIQUE` (`id`)
) ENGINE=InnoDB DEFAULT CHARSET=utf8;
/*!40101 SET character_set_client = @saved_cs_client */;

--
-- Dumping data for table `job_operator_log`
--

LOCK TABLES `job_operator_log` WRITE;
/*!40000 ALTER TABLE `job_operator_log` DISABLE KEYS */;
/*!40000 ALTER TABLE `job_operator_log` ENABLE KEYS */;
UNLOCK TABLES;

--
-- Table structure for table `oc_cart`
--

DROP TABLE IF EXISTS `oc_cart`;
/*!40101 SET @saved_cs_client     = @@character_set_client */;
/*!40101 SET character_set_client = utf8 */;
CREATE TABLE `oc_cart` (
  `id` bigint(20) NOT NULL AUTO_INCREMENT,
  `item_id` bigint(20) DEFAULT NULL COMMENT '商品ID',
  `sku_id` bigint(20) DEFAULT NULL COMMENT '商品SKU ID',
  `member_id` bigint(20) DEFAULT NULL COMMENT '会员ID',
  `quantity` int(11) DEFAULT NULL COMMENT '购买数量',
  `selected` bit(1) DEFAULT NULL COMMENT '是否购选',
  `create_time` timestamp NULL DEFAULT NULL ON UPDATE CURRENT_TIMESTAMP COMMENT '创建时间',
  `modify_time` timestamp NULL DEFAULT NULL COMMENT '修改时间',
  PRIMARY KEY (`id`)
) ENGINE=InnoDB DEFAULT CHARSET=utf8 COMMENT='购物车表';
/*!40101 SET character_set_client = @saved_cs_client */;

--
-- Dumping data for table `oc_cart`
--

LOCK TABLES `oc_cart` WRITE;
/*!40000 ALTER TABLE `oc_cart` DISABLE KEYS */;
/*!40000 ALTER TABLE `oc_cart` ENABLE KEYS */;
UNLOCK TABLES;

--
-- Table structure for table `t`
--

DROP TABLE IF EXISTS `t`;
/*!40101 SET @saved_cs_client     = @@character_set_client */;
/*!40101 SET character_set_client = utf8 */;
CREATE TABLE `t` (
  `id` int(11) NOT NULL AUTO_INCREMENT,
  `name` varchar(45) DEFAULT NULL,
  `code` varchar(45) DEFAULT NULL,
  PRIMARY KEY (`id`),
  UNIQUE KEY `id_UNIQUE` (`id`)
) ENGINE=InnoDB AUTO_INCREMENT=11 DEFAULT CHARSET=utf8;
/*!40101 SET character_set_client = @saved_cs_client */;

--
-- Dumping data for table `t`
--

LOCK TABLES `t` WRITE;
/*!40000 ALTER TABLE `t` DISABLE KEYS */;
INSERT INTO `t` VALUES (1,'aaa','bbb'),(2,'aaa','bbb'),(3,'aaa','bbb'),(4,'aaa','bbb'),(5,'aaa','bbb'),(6,'aaa','bbb'),(7,'aaa','bbb'),(8,'aaa','bbb'),(9,'aaa','bbb'),(10,'aaa','bbb');
/*!40000 ALTER TABLE `t` ENABLE KEYS */;
UNLOCK TABLES;

--
-- Table structure for table `test`
--

DROP TABLE IF EXISTS `test`;
/*!40101 SET @saved_cs_client     = @@character_set_client */;
/*!40101 SET character_set_client = utf8 */;
CREATE TABLE `test` (
  `id` int(11) NOT NULL AUTO_INCREMENT,
  `name` varchar(45) DEFAULT NULL,
  `age` int(11) DEFAULT NULL,
  `add_time` datetime DEFAULT NULL,
  PRIMARY KEY (`id`),
  UNIQUE KEY `id_UNIQUE` (`id`)
) ENGINE=InnoDB AUTO_INCREMENT=6 DEFAULT CHARSET=utf8;
/*!40101 SET character_set_client = @saved_cs_client */;

--
-- Dumping data for table `test`
--

LOCK TABLES `test` WRITE;
/*!40000 ALTER TABLE `test` DISABLE KEYS */;
INSERT INTO `test` VALUES (1,'name',1,'2015-03-27 14:32:12'),(2,'name',1,'2015-03-27 14:32:54'),(3,'name',1,'2015-03-27 14:34:44'),(4,'name',1,'2015-03-27 15:45:49'),(5,'name',1,'2015-03-29 15:22:53');
/*!40000 ALTER TABLE `test` ENABLE KEYS */;
UNLOCK TABLES;
/*!40103 SET TIME_ZONE=@OLD_TIME_ZONE */;

/*!40101 SET SQL_MODE=@OLD_SQL_MODE */;
/*!40014 SET FOREIGN_KEY_CHECKS=@OLD_FOREIGN_KEY_CHECKS */;
/*!40014 SET UNIQUE_CHECKS=@OLD_UNIQUE_CHECKS */;
/*!40101 SET CHARACTER_SET_CLIENT=@OLD_CHARACTER_SET_CLIENT */;
/*!40101 SET CHARACTER_SET_RESULTS=@OLD_CHARACTER_SET_RESULTS */;
/*!40101 SET COLLATION_CONNECTION=@OLD_COLLATION_CONNECTION */;
/*!40111 SET SQL_NOTES=@OLD_SQL_NOTES */;

-- Dump completed on 2016-03-14 17:37:14
